{"split": 8, "improved": true, "epoch": 0, "iteration": 2347, "train": {"accuracy": 0.9075415423945462, "fscore_class1": 0.7047619047619048}, "valid": {"accuracy": 0.8909710391822828, "fscore_class1": 0.6666666666666666}}
{"split": 8, "improved": true, "epoch": 1, "iteration": 4694, "train": {"accuracy": 0.9697486152535151, "fscore_class1": 0.920314253647587}, "valid": {"accuracy": 0.959114139693356, "fscore_class1": 0.8983050847457628}}
{"split": 8, "improved": true, "epoch": 2, "iteration": 7041, "train": {"accuracy": 0.9774179804005113, "fscore_class1": 0.9418221734357849}, "valid": {"accuracy": 0.9676320272572402, "fscore_class1": 0.9224489795918367}}
{"split": 8, "improved": false, "epoch": 3, "iteration": 9388, "train": {"accuracy": 0.9816787388155092, "fscore_class1": 0.9530054644808743}, "valid": {"accuracy": 0.9676320272572402, "fscore_class1": 0.9224489795918367}}
{"split": 8, "improved": false, "epoch": 4, "iteration": 11735, "train": {"accuracy": 0.9838091180230081, "fscore_class1": 0.9584245076586434}, "valid": {"accuracy": 0.9659284497444633, "fscore_class1": 0.9180327868852458}}
{"split": 8, "improved": false, "epoch": 5, "iteration": 14082, "train": {"accuracy": 0.9846612697060076, "fscore_class1": 0.9606986899563319}, "valid": {"accuracy": 0.9642248722316865, "fscore_class1": 0.9135802469135802}}
{"split": 8, "improved": false, "epoch": 6, "iteration": 16429, "train": {"accuracy": 0.9850873455475074, "fscore_class1": 0.9618320610687023}, "valid": {"accuracy": 0.9625212947189097, "fscore_class1": 0.9090909090909092}}
{"split": 8, "improved": false, "epoch": 7, "iteration": 18776, "train": {"accuracy": 0.9850873455475074, "fscore_class1": 0.9618320610687023}, "valid": {"accuracy": 0.9557069846678024, "fscore_class1": 0.8907563025210083}}
{"split": 8, "improved": false, "epoch": 8, "iteration": 21123, "train": {"accuracy": 0.9846612697060076, "fscore_class1": 0.9606986899563319}, "valid": {"accuracy": 0.9505962521294719, "fscore_class1": 0.876595744680851}}
