{"selection_metric": 0.1958041958041958, "epoch": 4, "valid": {"accuracy": 0.8040885860306644, "fscore_class1": 0.1958041958041958}, "train": {"accuracy": 0.8312739667660843, "fscore_class1": 0.3219178082191781}, "iteration": 11735}