{"improved": false, "epoch": 0, "iteration": 2347, "train": {"accuracy": 0.7954835960801022, "fscore_class1": 0.0}, "valid": {"accuracy": 0.7819420783645656, "fscore_class1": 0.0}}
{"improved": false, "epoch": 1, "iteration": 4694, "train": {"accuracy": 0.7967618236046016, "fscore_class1": 0.0}, "valid": {"accuracy": 0.7836456558773425, "fscore_class1": 0.0}}
{"improved": true, "epoch": 2, "iteration": 7041, "train": {"accuracy": 0.8112484022155944, "fscore_class1": 0.14971209213051823}, "valid": {"accuracy": 0.7853492333901193, "fscore_class1": 0.045454545454545456}}
{"improved": true, "epoch": 3, "iteration": 9388, "train": {"accuracy": 0.8223263740945889, "fscore_class1": 0.24593128390596747}, "valid": {"accuracy": 0.7836456558773425, "fscore_class1": 0.072992700729927}}
{"improved": false, "epoch": 4, "iteration": 11735, "train": {"accuracy": 0.8270132083510865, "fscore_class1": 0.275}, "valid": {"accuracy": 0.7819420783645656, "fscore_class1": 0.07246376811594203}}
{"improved": true, "epoch": 5, "iteration": 14082, "train": {"accuracy": 0.8402215594375799, "fscore_class1": 0.36548223350253806}, "valid": {"accuracy": 0.7836456558773425, "fscore_class1": 0.08633093525179855}}
{"improved": false, "epoch": 6, "iteration": 16429, "train": {"accuracy": 0.8495952279505752, "fscore_class1": 0.4165289256198347}, "valid": {"accuracy": 0.7836456558773425, "fscore_class1": 0.08633093525179855}}
{"improved": true, "epoch": 7, "iteration": 18776, "train": {"accuracy": 0.8743076267575628, "fscore_class1": 0.5550527903469079}, "valid": {"accuracy": 0.7853492333901193, "fscore_class1": 0.125}}
{"improved": false, "epoch": 8, "iteration": 21123, "train": {"accuracy": 0.8887942053685556, "fscore_class1": 0.6244604316546762}, "valid": {"accuracy": 0.7853492333901193, "fscore_class1": 0.125}}
{"improved": true, "epoch": 9, "iteration": 23470, "train": {"accuracy": 0.9092458457605453, "fscore_class1": 0.7133243606998655}, "valid": {"accuracy": 0.787052810902896, "fscore_class1": 0.1610738255033557}}
{"improved": true, "epoch": 10, "iteration": 25817, "train": {"accuracy": 0.9186195142735407, "fscore_class1": 0.7496723460026212}, "valid": {"accuracy": 0.7904599659284497, "fscore_class1": 0.18543046357615894}}
{"improved": true, "epoch": 11, "iteration": 28164, "train": {"accuracy": 0.9412015338730294, "fscore_class1": 0.8312958435207825}, "valid": {"accuracy": 0.7955706984667802, "fscore_class1": 0.2682926829268293}}
{"improved": true, "epoch": 12, "iteration": 30511, "train": {"accuracy": 0.9569663400085215, "fscore_class1": 0.8824214202561117}, "valid": {"accuracy": 0.807495741056218, "fscore_class1": 0.3615819209039548}}
{"improved": true, "epoch": 13, "iteration": 32858, "train": {"accuracy": 0.9680443118875159, "fscore_class1": 0.915445321307779}, "valid": {"accuracy": 0.8023850085178875, "fscore_class1": 0.40816326530612246}}
{"improved": true, "epoch": 14, "iteration": 35205, "train": {"accuracy": 0.9697486152535151, "fscore_class1": 0.9227421109902066}, "valid": {"accuracy": 0.7921635434412265, "fscore_class1": 0.5080645161290323}}
{"improved": true, "epoch": 15, "iteration": 37552, "train": {"accuracy": 0.9650617809970174, "fscore_class1": 0.9135021097046413}, "valid": {"accuracy": 0.7734241908006815, "fscore_class1": 0.5300353356890459}}
{"improved": false, "epoch": 16, "iteration": 39899, "train": {"accuracy": 0.9774179804005113, "fscore_class1": 0.9423286180631121}, "valid": {"accuracy": 0.7989778534923339, "fscore_class1": 0.49572649572649574}}
{"improved": false, "epoch": 17, "iteration": 42246, "train": {"accuracy": 0.9752876011930124, "fscore_class1": 0.9352678571428572}, "valid": {"accuracy": 0.8023850085178875, "fscore_class1": 0.348314606741573}}
{"improved": false, "epoch": 18, "iteration": 44593, "train": {"accuracy": 0.9769919045590115, "fscore_class1": 0.9400000000000001}, "valid": {"accuracy": 0.8040885860306644, "fscore_class1": 0.311377245508982}}
{"improved": false, "epoch": 19, "iteration": 46940, "train": {"accuracy": 0.9829569663400085, "fscore_class1": 0.9562363238512035}, "valid": {"accuracy": 0.807495741056218, "fscore_class1": 0.42051282051282046}}
{"improved": false, "epoch": 20, "iteration": 49287, "train": {"accuracy": 0.9838091180230081, "fscore_class1": 0.9585152838427947}, "valid": {"accuracy": 0.7938671209540034, "fscore_class1": 0.4573991031390135}}
{"improved": false, "epoch": 21, "iteration": 51634, "train": {"accuracy": 0.9838091180230081, "fscore_class1": 0.9585152838427947}, "valid": {"accuracy": 0.8006814310051107, "fscore_class1": 0.39378238341968913}}
