{"split": 1, "improved": false, "epoch": 0, "iteration": 2347, "train": {"accuracy": 0.7912228376651044, "fscore_class1": 0.0}, "valid": {"accuracy": 0.8057921635434412, "fscore_class1": 0.0}}
{"split": 1, "improved": true, "epoch": 1, "iteration": 4694, "train": {"accuracy": 0.7937792927141031, "fscore_class1": 0.024193548387096774}, "valid": {"accuracy": 0.807495741056218, "fscore_class1": 0.017391304347826087}}
{"split": 1, "improved": true, "epoch": 2, "iteration": 7041, "train": {"accuracy": 0.8146570089475926, "fscore_class1": 0.21903052064631956}, "valid": {"accuracy": 0.8091993185689949, "fscore_class1": 0.09677419354838708}}
{"split": 1, "improved": true, "epoch": 3, "iteration": 9388, "train": {"accuracy": 0.8517256071580741, "fscore_class1": 0.462962962962963}, "valid": {"accuracy": 0.8211243611584327, "fscore_class1": 0.19847328244274806}}
{"split": 1, "improved": true, "epoch": 4, "iteration": 11735, "train": {"accuracy": 0.8811248402215595, "fscore_class1": 0.608695652173913}, "valid": {"accuracy": 0.8228279386712095, "fscore_class1": 0.23529411764705882}}
{"split": 1, "improved": true, "epoch": 5, "iteration": 14082, "train": {"accuracy": 0.9241585002130379, "fscore_class1": 0.7839805825242719}, "valid": {"accuracy": 0.8262350936967632, "fscore_class1": 0.35443037974683544}}
{"split": 1, "improved": true, "epoch": 6, "iteration": 16429, "train": {"accuracy": 0.9467405198125266, "fscore_class1": 0.8551564310544613}, "valid": {"accuracy": 0.8262350936967632, "fscore_class1": 0.3780487804878049}}
{"split": 1, "improved": false, "epoch": 7, "iteration": 18776, "train": {"accuracy": 0.9531316574350235, "fscore_class1": 0.874141876430206}, "valid": {"accuracy": 0.8330494037478705, "fscore_class1": 0.3636363636363636}}
{"split": 1, "improved": false, "epoch": 8, "iteration": 21123, "train": {"accuracy": 0.945888368129527, "fscore_class1": 0.8514619883040937}, "valid": {"accuracy": 0.8245315161839863, "fscore_class1": 0.28965517241379307}}
{"split": 1, "improved": false, "epoch": 9, "iteration": 23470, "train": {"accuracy": 0.9514273540690242, "fscore_class1": 0.8683602771362587}, "valid": {"accuracy": 0.8211243611584327, "fscore_class1": 0.25531914893617025}}
{"split": 1, "improved": true, "epoch": 10, "iteration": 25817, "train": {"accuracy": 0.9795483596080102, "fscore_class1": 0.9488272921108742}, "valid": {"accuracy": 0.838160136286201, "fscore_class1": 0.5026178010471204}}
{"split": 1, "improved": false, "epoch": 11, "iteration": 28164, "train": {"accuracy": 0.9808265871325096, "fscore_class1": 0.9518716577540107}, "valid": {"accuracy": 0.838160136286201, "fscore_class1": 0.4864864864864865}}
{"split": 1, "improved": false, "epoch": 12, "iteration": 30511, "train": {"accuracy": 0.9778440562420111, "fscore_class1": 0.9439655172413792}, "valid": {"accuracy": 0.8364565587734242, "fscore_class1": 0.3846153846153846}}
{"split": 1, "improved": false, "epoch": 13, "iteration": 32858, "train": {"accuracy": 0.9816787388155092, "fscore_class1": 0.9541088580576307}, "valid": {"accuracy": 0.8364565587734242, "fscore_class1": 0.4782608695652174}}
{"split": 1, "improved": false, "epoch": 14, "iteration": 35205, "train": {"accuracy": 0.9821048146570089, "fscore_class1": 0.955223880597015}, "valid": {"accuracy": 0.8330494037478705, "fscore_class1": 0.43678160919540227}}
{"split": 1, "improved": false, "epoch": 15, "iteration": 37552, "train": {"accuracy": 0.9829569663400085, "fscore_class1": 0.9574468085106383}, "valid": {"accuracy": 0.8330494037478705, "fscore_class1": 0.43678160919540227}}
{"split": 1, "improved": true, "epoch": 16, "iteration": 39899, "train": {"accuracy": 0.9838091180230081, "fscore_class1": 0.9596602972399151}, "valid": {"accuracy": 0.838160136286201, "fscore_class1": 0.5128205128205128}}
{"split": 1, "improved": false, "epoch": 17, "iteration": 42246, "train": {"accuracy": 0.9829569663400085, "fscore_class1": 0.9574468085106383}, "valid": {"accuracy": 0.8296422487223168, "fscore_class1": 0.43181818181818177}}
{"split": 1, "improved": false, "epoch": 18, "iteration": 44593, "train": {"accuracy": 0.9829569663400085, "fscore_class1": 0.9574468085106383}, "valid": {"accuracy": 0.8415672913117547, "fscore_class1": 0.48044692737430167}}
{"split": 1, "improved": false, "epoch": 19, "iteration": 46940, "train": {"accuracy": 0.9833830421815083, "fscore_class1": 0.9585547290116897}, "valid": {"accuracy": 0.8415672913117547, "fscore_class1": 0.49180327868852464}}
{"split": 1, "improved": true, "epoch": 20, "iteration": 49287, "train": {"accuracy": 0.9833830421815083, "fscore_class1": 0.9585547290116897}, "valid": {"accuracy": 0.8415672913117547, "fscore_class1": 0.5181347150259067}}
{"split": 1, "improved": false, "epoch": 21, "iteration": 51634, "train": {"accuracy": 0.9833830421815083, "fscore_class1": 0.9585547290116897}, "valid": {"accuracy": 0.8415672913117547, "fscore_class1": 0.4685714285714285}}
{"split": 1, "improved": false, "epoch": 22, "iteration": 53981, "train": {"accuracy": 0.9838091180230081, "fscore_class1": 0.9596602972399151}, "valid": {"accuracy": 0.8432708688245315, "fscore_class1": 0.5053763440860215}}
{"split": 1, "improved": false, "epoch": 23, "iteration": 56328, "train": {"accuracy": 0.9838091180230081, "fscore_class1": 0.9596602972399151}, "valid": {"accuracy": 0.838160136286201, "fscore_class1": 0.49735449735449744}}
{"split": 1, "improved": true, "epoch": 24, "iteration": 58675, "train": {"accuracy": 0.9838091180230081, "fscore_class1": 0.9596602972399151}, "valid": {"accuracy": 0.8432708688245315, "fscore_class1": 0.5399999999999999}}
{"split": 1, "improved": true, "epoch": 25, "iteration": 61022, "train": {"accuracy": 0.9842351938645079, "fscore_class1": 0.9607635206786851}, "valid": {"accuracy": 0.8449744463373083, "fscore_class1": 0.5603864734299516}}
{"split": 1, "improved": false, "epoch": 26, "iteration": 63369, "train": {"accuracy": 0.9842351938645079, "fscore_class1": 0.9607635206786851}, "valid": {"accuracy": 0.8398637137989778, "fscore_class1": 0.5566037735849058}}
{"split": 1, "improved": false, "epoch": 27, "iteration": 65716, "train": {"accuracy": 0.9833830421815083, "fscore_class1": 0.9589905362776026}, "valid": {"accuracy": 0.8364565587734242, "fscore_class1": 0.5596330275229358}}
{"split": 1, "improved": false, "epoch": 28, "iteration": 68063, "train": {"accuracy": 0.9842351938645079, "fscore_class1": 0.9610115911485774}, "valid": {"accuracy": 0.8330494037478705, "fscore_class1": 0.5585585585585585}}
{"split": 1, "improved": false, "epoch": 29, "iteration": 70410, "train": {"accuracy": 0.9842351938645079, "fscore_class1": 0.9607635206786851}, "valid": {"accuracy": 0.8432708688245315, "fscore_class1": 0.5533980582524273}}
{"split": 1, "improved": false, "epoch": 30, "iteration": 72757, "train": {"accuracy": 0.9842351938645079, "fscore_class1": 0.9607635206786851}, "valid": {"accuracy": 0.8415672913117547, "fscore_class1": 0.5279187817258884}}
{"split": 1, "improved": false, "epoch": 31, "iteration": 75104, "train": {"accuracy": 0.9842351938645079, "fscore_class1": 0.9607635206786851}, "valid": {"accuracy": 0.838160136286201, "fscore_class1": 0.5128205128205128}}
