{"split": 7, "improved": true, "epoch": 0, "iteration": 2347, "train": {"accuracy": 0.884107371112058, "fscore_class1": 0.6069364161849711}, "valid": {"accuracy": 0.8909710391822828, "fscore_class1": 0.6444444444444445}}
{"split": 7, "improved": true, "epoch": 1, "iteration": 4694, "train": {"accuracy": 0.9676182360460162, "fscore_class1": 0.9153674832962139}, "valid": {"accuracy": 0.9642248722316865, "fscore_class1": 0.907488986784141}}
{"split": 7, "improved": true, "epoch": 2, "iteration": 7041, "train": {"accuracy": 0.976139752876012, "fscore_class1": 0.9388646288209607}, "valid": {"accuracy": 0.9676320272572402, "fscore_class1": 0.9170305676855895}}
{"split": 7, "improved": false, "epoch": 3, "iteration": 9388, "train": {"accuracy": 0.9804005112910098, "fscore_class1": 0.9501084598698482}, "valid": {"accuracy": 0.9676320272572402, "fscore_class1": 0.9170305676855895}}
{"split": 7, "improved": false, "epoch": 4, "iteration": 11735, "train": {"accuracy": 0.9821048146570089, "fscore_class1": 0.9545454545454546}, "valid": {"accuracy": 0.9676320272572402, "fscore_class1": 0.9170305676855895}}
{"split": 7, "improved": false, "epoch": 5, "iteration": 14082, "train": {"accuracy": 0.9821048146570089, "fscore_class1": 0.9544468546637744}, "valid": {"accuracy": 0.9659284497444633, "fscore_class1": 0.911504424778761}}
{"split": 7, "improved": false, "epoch": 6, "iteration": 16429, "train": {"accuracy": 0.9825308904985087, "fscore_class1": 0.9555796316359697}, "valid": {"accuracy": 0.9642248722316865, "fscore_class1": 0.9082969432314411}}
{"split": 7, "improved": false, "epoch": 7, "iteration": 18776, "train": {"accuracy": 0.9829569663400085, "fscore_class1": 0.9567099567099567}, "valid": {"accuracy": 0.9642248722316865, "fscore_class1": 0.9082969432314411}}
{"split": 7, "improved": false, "epoch": 8, "iteration": 21123, "train": {"accuracy": 0.9829569663400085, "fscore_class1": 0.9567099567099567}, "valid": {"accuracy": 0.9659284497444633, "fscore_class1": 0.912280701754386}}
