{"improved": false, "epoch": 0, "iteration": 2347, "train": {"accuracy": 0.795909671921602, "fscore_class1": 0.0}, "valid": {"accuracy": 0.787052810902896, "fscore_class1": 0.0}}
{"improved": true, "epoch": 1, "iteration": 4694, "train": {"accuracy": 0.8035790370685982, "fscore_class1": 0.07243460764587525}, "valid": {"accuracy": 0.7938671209540034, "fscore_class1": 0.07633587786259541}}
{"improved": false, "epoch": 2, "iteration": 7041, "train": {"accuracy": 0.7993182786536004, "fscore_class1": 0.03285420944558521}, "valid": {"accuracy": 0.787052810902896, "fscore_class1": 0.0}}
{"improved": true, "epoch": 3, "iteration": 9388, "train": {"accuracy": 0.8734554750745632, "fscore_class1": 0.5763195435092725}, "valid": {"accuracy": 0.8364565587734242, "fscore_class1": 0.4352941176470588}}
{"improved": false, "epoch": 4, "iteration": 11735, "train": {"accuracy": 0.8491691521090754, "fscore_class1": 0.4253246753246753}, "valid": {"accuracy": 0.82793867120954, "fscore_class1": 0.3311258278145695}}
{"improved": true, "epoch": 5, "iteration": 14082, "train": {"accuracy": 0.9028547081380486, "fscore_class1": 0.7023498694516971}, "valid": {"accuracy": 0.8517887563884157, "fscore_class1": 0.5084745762711865}}
{"improved": true, "epoch": 6, "iteration": 16429, "train": {"accuracy": 0.916063059224542, "fscore_class1": 0.7515762925598992}, "valid": {"accuracy": 0.8551959114139693, "fscore_class1": 0.5303867403314917}}
{"improved": true, "epoch": 7, "iteration": 18776, "train": {"accuracy": 0.9343843204090329, "fscore_class1": 0.8162291169451074}, "valid": {"accuracy": 0.868824531516184, "fscore_class1": 0.6051282051282051}}
{"improved": true, "epoch": 8, "iteration": 21123, "train": {"accuracy": 0.9403493821900298, "fscore_class1": 0.8341232227488153}, "valid": {"accuracy": 0.8756388415672913, "fscore_class1": 0.6294416243654822}}
{"improved": true, "epoch": 9, "iteration": 23470, "train": {"accuracy": 0.9492969748615253, "fscore_class1": 0.8617886178861789}, "valid": {"accuracy": 0.8858603066439523, "fscore_class1": 0.6731707317073171}}
{"improved": true, "epoch": 10, "iteration": 25817, "train": {"accuracy": 0.9582445675330209, "fscore_class1": 0.8883826879271071}, "valid": {"accuracy": 0.8858603066439523, "fscore_class1": 0.676328502415459}}
{"improved": true, "epoch": 11, "iteration": 28164, "train": {"accuracy": 0.9616531742650192, "fscore_class1": 0.89749430523918}, "valid": {"accuracy": 0.8875638841567292, "fscore_class1": 0.6826923076923076}}
{"improved": true, "epoch": 12, "iteration": 30511, "train": {"accuracy": 0.9680443118875159, "fscore_class1": 0.9160134378499439}, "valid": {"accuracy": 0.8909710391822828, "fscore_class1": 0.7037037037037037}}
{"improved": true, "epoch": 13, "iteration": 32858, "train": {"accuracy": 0.9706007669365146, "fscore_class1": 0.9229050279329609}, "valid": {"accuracy": 0.8943781942078365, "fscore_class1": 0.7075471698113207}}
{"improved": false, "epoch": 14, "iteration": 35205, "train": {"accuracy": 0.9748615253515126, "fscore_class1": 0.9348066298342542}, "valid": {"accuracy": 0.8824531516183987, "fscore_class1": 0.6933333333333335}}
{"improved": true, "epoch": 15, "iteration": 37552, "train": {"accuracy": 0.9748615253515126, "fscore_class1": 0.9348066298342542}, "valid": {"accuracy": 0.8943781942078365, "fscore_class1": 0.7102803738317757}}
{"improved": false, "epoch": 16, "iteration": 39899, "train": {"accuracy": 0.9774179804005113, "fscore_class1": 0.9416941694169417}, "valid": {"accuracy": 0.8926746166950597, "fscore_class1": 0.7069767441860465}}
{"improved": false, "epoch": 17, "iteration": 42246, "train": {"accuracy": 0.9782701320835109, "fscore_class1": 0.9440175631174534}, "valid": {"accuracy": 0.8841567291311755, "fscore_class1": 0.6909090909090909}}
{"improved": false, "epoch": 18, "iteration": 44593, "train": {"accuracy": 0.9791222837665104, "fscore_class1": 0.9462129527991219}, "valid": {"accuracy": 0.889267461669506, "fscore_class1": 0.7004608294930876}}
{"improved": false, "epoch": 19, "iteration": 46940, "train": {"accuracy": 0.97997443544951, "fscore_class1": 0.9485213581599123}, "valid": {"accuracy": 0.8909710391822828, "fscore_class1": 0.7037037037037037}}
{"improved": false, "epoch": 20, "iteration": 49287, "train": {"accuracy": 0.9825308904985087, "fscore_class1": 0.9553862894450489}, "valid": {"accuracy": 0.8824531516183987, "fscore_class1": 0.6877828054298643}}
{"improved": false, "epoch": 21, "iteration": 51634, "train": {"accuracy": 0.9829569663400085, "fscore_class1": 0.9564270152505446}, "valid": {"accuracy": 0.889267461669506, "fscore_class1": 0.7031963470319635}}
{"improved": false, "epoch": 22, "iteration": 53981, "train": {"accuracy": 0.9838091180230081, "fscore_class1": 0.9586956521739131}, "valid": {"accuracy": 0.8909710391822828, "fscore_class1": 0.7090909090909091}}
{"improved": false, "epoch": 23, "iteration": 56328, "train": {"accuracy": 0.9838091180230081, "fscore_class1": 0.9586956521739131}, "valid": {"accuracy": 0.8909710391822828, "fscore_class1": 0.7064220183486238}}
{"improved": false, "epoch": 24, "iteration": 58675, "train": {"accuracy": 0.9842351938645079, "fscore_class1": 0.9598262757871878}, "valid": {"accuracy": 0.8909710391822828, "fscore_class1": 0.7090909090909091}}
{"improved": false, "epoch": 25, "iteration": 61022, "train": {"accuracy": 0.9842351938645079, "fscore_class1": 0.9598262757871878}, "valid": {"accuracy": 0.889267461669506, "fscore_class1": 0.7058823529411764}}
{"improved": false, "epoch": 26, "iteration": 63369, "train": {"accuracy": 0.9842351938645079, "fscore_class1": 0.9598262757871878}, "valid": {"accuracy": 0.8858603066439523, "fscore_class1": 0.6995515695067265}}
{"improved": true, "epoch": 27, "iteration": 65716, "train": {"accuracy": 0.9846612697060076, "fscore_class1": 0.9609544468546637}, "valid": {"accuracy": 0.8960817717206133, "fscore_class1": 0.7162790697674418}}
{"improved": false, "epoch": 28, "iteration": 68063, "train": {"accuracy": 0.9850873455475074, "fscore_class1": 0.962080173347779}, "valid": {"accuracy": 0.8926746166950597, "fscore_class1": 0.7096774193548386}}
{"improved": false, "epoch": 29, "iteration": 70410, "train": {"accuracy": 0.9850873455475074, "fscore_class1": 0.962080173347779}, "valid": {"accuracy": 0.8858603066439523, "fscore_class1": 0.6995515695067265}}
{"improved": false, "epoch": 30, "iteration": 72757, "train": {"accuracy": 0.9846612697060076, "fscore_class1": 0.9609544468546637}, "valid": {"accuracy": 0.8875638841567292, "fscore_class1": 0.7027027027027027}}
{"improved": false, "epoch": 31, "iteration": 75104, "train": {"accuracy": 0.9850873455475074, "fscore_class1": 0.962080173347779}, "valid": {"accuracy": 0.8960817717206133, "fscore_class1": 0.7162790697674418}}
{"improved": false, "epoch": 32, "iteration": 77451, "train": {"accuracy": 0.9850873455475074, "fscore_class1": 0.962080173347779}, "valid": {"accuracy": 0.8909710391822828, "fscore_class1": 0.7090909090909091}}
{"improved": false, "epoch": 33, "iteration": 79798, "train": {"accuracy": 0.9846612697060076, "fscore_class1": 0.9609544468546637}, "valid": {"accuracy": 0.8943781942078365, "fscore_class1": 0.7155963302752294}}
{"improved": false, "epoch": 34, "iteration": 82145, "train": {"accuracy": 0.9846612697060076, "fscore_class1": 0.9609544468546637}, "valid": {"accuracy": 0.8875638841567292, "fscore_class1": 0.7027027027027027}}
{"improved": false, "epoch": 35, "iteration": 84492, "train": {"accuracy": 0.9850873455475074, "fscore_class1": 0.962080173347779}, "valid": {"accuracy": 0.889267461669506, "fscore_class1": 0.7058823529411764}}
{"improved": false, "epoch": 36, "iteration": 86839, "train": {"accuracy": 0.9855134213890072, "fscore_class1": 0.9632034632034632}, "valid": {"accuracy": 0.889267461669506, "fscore_class1": 0.7111111111111111}}
{"improved": false, "epoch": 37, "iteration": 89186, "train": {"accuracy": 0.9855134213890072, "fscore_class1": 0.9632034632034632}, "valid": {"accuracy": 0.8926746166950597,