{"split": 3, "improved": true, "epoch": 0, "iteration": 2347, "train": {"accuracy": 0.9181934384320409, "fscore_class1": 0.7605985037406484}, "valid": {"accuracy": 0.8824531516183987, "fscore_class1": 0.6310160427807486}}
{"split": 3, "improved": true, "epoch": 1, "iteration": 4694, "train": {"accuracy": 0.9407754580315296, "fscore_class1": 0.8358913813459269}, "valid": {"accuracy": 0.909710391822828, "fscore_class1": 0.736318407960199}}
{"split": 3, "improved": true, "epoch": 2, "iteration": 7041, "train": {"accuracy": 0.9590967192160205, "fscore_class1": 0.8914027149321266}, "valid": {"accuracy": 0.9216354344122658, "fscore_class1": 0.7850467289719628}}
{"split": 3, "improved": true, "epoch": 3, "iteration": 9388, "train": {"accuracy": 0.974009373668513, "fscore_class1": 0.9331872946330778}, "valid": {"accuracy": 0.9301533219761499, "fscore_class1": 0.8177777777777777}}
{"split": 3, "improved": false, "epoch": 4, "iteration": 11735, "train": {"accuracy": 0.9782701320835109, "fscore_class1": 0.9443838604143947}, "valid": {"accuracy": 0.9250425894378195, "fscore_class1": 0.8018018018018018}}
{"split": 3, "improved": false, "epoch": 5, "iteration": 14082, "train": {"accuracy": 0.9821048146570089, "fscore_class1": 0.9544468546637743}, "valid": {"accuracy": 0.9284497444633731, "fscore_class1": 0.8157894736842105}}
{"split": 3, "improved": true, "epoch": 6, "iteration": 16429, "train": {"accuracy": 0.9833830421815083, "fscore_class1": 0.9577464788732395}, "valid": {"accuracy": 0.9318568994889267, "fscore_class1": 0.824561403508772}}
{"split": 3, "improved": false, "epoch": 7, "iteration": 18776, "train": {"accuracy": 0.9838091180230081, "fscore_class1": 0.9588744588744589}, "valid": {"accuracy": 0.9301533219761499, "fscore_class1": 0.8161434977578476}}
{"split": 3, "improved": false, "epoch": 8, "iteration": 21123, "train": {"accuracy": 0.9838091180230081, "fscore_class1": 0.9588744588744589}, "valid": {"accuracy": 0.9267461669505963, "fscore_class1": 0.8088888888888889}}
{"split": 3, "improved": false, "epoch": 9, "iteration": 23470, "train": {"accuracy": 0.9846612697060076, "fscore_class1": 0.9611231101511879}, "valid": {"accuracy": 0.9301533219761499, "fscore_class1": 0.8209606986899564}}
{"split": 3, "improved": true, "epoch": 10, "iteration": 25817, "train": {"accuracy": 0.9846612697060076, "fscore_class1": 0.9611231101511879}, "valid": {"accuracy": 0.9318568994889267, "fscore_class1": 0.826086956521739}}
{"split": 3, "improved": false, "epoch": 11, "iteration": 28164, "train": {"accuracy": 0.9846612697060076, "fscore_class1": 0.9611231101511879}, "valid": {"accuracy": 0.9318568994889267, "fscore_class1": 0.826086956521739}}
{"split": 3, "improved": false, "epoch": 12, "iteration": 30511, "train": {"accuracy": 0.9855134213890072, "fscore_class1": 0.9633620689655172}, "valid": {"accuracy": 0.9301533219761499, "fscore_class1": 0.8240343347639485}}
{"split": 3, "improved": false, "epoch": 13, "iteration": 32858, "train": {"accuracy": 0.985939497230507, "fscore_class1": 0.9644779332615716}, "valid": {"accuracy": 0.9284497444633731, "fscore_class1": 0.8189655172413793}}
{"split": 3, "improved": false, "epoch": 14, "iteration": 35205, "train": {"accuracy": 0.985939497230507, "fscore_class1": 0.9644779332615716}, "valid": {"accuracy": 0.9284497444633731, "fscore_class1": 0.8250000000000001}}
{"split": 3, "improved": false, "epoch": 15, "iteration": 37552, "train": {"accuracy": 0.9855134213890072, "fscore_class1": 0.9634408602150538}, "valid": {"accuracy": 0.9284497444633731, "fscore_class1": 0.8220338983050847}}
{"split": 3, "improved": false, "epoch": 16, "iteration": 39899, "train": {"accuracy": 0.985939497230507, "fscore_class1": 0.9644779332615716}, "valid": {"accuracy": 0.9267461669505963, "fscore_class1": 0.8185654008438819}}
