{"improved": false, "epoch": 0, "iteration": 2347, "train": {"accuracy": 0.7903706859821048, "fscore_class1": 0.0}, "valid": {"accuracy": 0.8091993185689949, "fscore_class1": 0.0}}
{"improved": true, "epoch": 1, "iteration": 4694, "train": {"accuracy": 0.795909671921602, "fscore_class1": 0.05893909626719057}, "valid": {"accuracy": 0.8126064735945485, "fscore_class1": 0.03508771929824561}}
{"improved": false, "epoch": 2, "iteration": 7041, "train": {"accuracy": 0.7903706859821048, "fscore_class1": 0.0}, "valid": {"accuracy": 0.8091993185689949, "fscore_class1": 0.0}}
{"improved": true, "epoch": 3, "iteration": 9388, "train": {"accuracy": 0.7997443544951002, "fscore_class1": 0.10305343511450381}, "valid": {"accuracy": 0.8126064735945485, "fscore_class1": 0.051724137931034475}}
{"improved": true, "epoch": 4, "iteration": 11735, "train": {"accuracy": 0.8116744780570941, "fscore_class1": 0.21071428571428572}, "valid": {"accuracy": 0.8109028960817717, "fscore_class1": 0.08264462809917357}}
{"improved": true, "epoch": 5, "iteration": 14082, "train": {"accuracy": 0.8057094162760972, "fscore_class1": 0.14925373134328357}, "valid": {"accuracy": 0.8160136286201022, "fscore_class1": 0.0847457627118644}}
{"improved": true, "epoch": 6, "iteration": 16429, "train": {"accuracy": 0.8461866212185769, "fscore_class1": 0.45714285714285713}, "valid": {"accuracy": 0.817717206132879, "fscore_class1": 0.2302158273381295}}
{"improved": false, "epoch": 7, "iteration": 18776, "train": {"accuracy": 0.8312739667660843, "fscore_class1": 0.34437086092715236}, "valid": {"accuracy": 0.8160136286201022, "fscore_class1": 0.14285714285714285}}
{"improved": true, "epoch": 8, "iteration": 21123, "train": {"accuracy": 0.8747337025990626, "fscore_class1": 0.5983606557377049}, "valid": {"accuracy": 0.8228279386712095, "fscore_class1": 0.3157894736842105}}
{"improved": false, "epoch": 9, "iteration": 23470, "train": {"accuracy": 0.8645078824030678, "fscore_class1": 0.5377906976744186}, "valid": {"accuracy": 0.82793867120954, "fscore_class1": 0.2518518518518518}}
{"improved": true, "epoch": 10, "iteration": 25817, "train": {"accuracy": 0.9045590115040477, "fscore_class1": 0.72}, "valid": {"accuracy": 0.8313458262350937, "fscore_class1": 0.37735849056603776}}
{"improved": false, "epoch": 11, "iteration": 28164, "train": {"accuracy": 0.8994461014060503, "fscore_class1": 0.6927083333333334}, "valid": {"accuracy": 0.8364565587734242, "fscore_class1": 0.3333333333333333}}
{"improved": true, "epoch": 12, "iteration": 30511, "train": {"accuracy": 0.9237324243715381, "fscore_class1": 0.7845968712394705}, "valid": {"accuracy": 0.8432708688245315, "fscore_class1": 0.425}}
{"improved": false, "epoch": 13, "iteration": 32858, "train": {"accuracy": 0.9271410311035364, "fscore_class1": 0.7952095808383234}, "valid": {"accuracy": 0.8415672913117547, "fscore_class1": 0.4150943396226415}}
{"improved": false, "epoch": 14, "iteration": 35205, "train": {"accuracy": 0.9369407754580316, "fscore_class1": 0.8258823529411765}, "valid": {"accuracy": 0.8364565587734242, "fscore_class1": 0.3924050632911393}}
{"improved": true, "epoch": 15, "iteration": 37552, "train": {"accuracy": 0.9492969748615253, "fscore_class1": 0.8655367231638418}, "valid": {"accuracy": 0.8364565587734242, "fscore_class1": 0.4418604651162791}}
{"improved": false, "epoch": 16, "iteration": 39899, "train": {"accuracy": 0.9522795057520239, "fscore_class1": 0.8727272727272727}, "valid": {"accuracy": 0.838160136286201, "fscore_class1": 0.42424242424242425}}
{"improved": true, "epoch": 17, "iteration": 42246, "train": {"accuracy": 0.9569663400085215, "fscore_class1": 0.8866442199775533}, "valid": {"accuracy": 0.8415672913117547, "fscore_class1": 0.4431137724550898}}
{"improved": false, "epoch": 18, "iteration": 44593, "train": {"accuracy": 0.962079250106519, "fscore_class1": 0.9012208657047724}, "valid": {"accuracy": 0.8364565587734242, "fscore_class1": 0.4352941176470589}}
{"improved": true, "epoch": 19, "iteration": 46940, "train": {"accuracy": 0.965913932680017, "fscore_class1": 0.9120879120879121}, "valid": {"accuracy": 0.8347529812606473, "fscore_class1": 0.44571428571428573}}
{"improved": true, "epoch": 20, "iteration": 49287, "train": {"accuracy": 0.9688964635705155, "fscore_class1": 0.9202185792349726}, "valid": {"accuracy": 0.8364565587734242, "fscore_class1": 0.45454545454545453}}
{"improved": false, "epoch": 21, "iteration": 51634, "train": {"accuracy": 0.9693225394120153, "fscore_class1": 0.9212253829321663}, "valid": {"accuracy": 0.8330494037478705, "fscore_class1": 0.40243902439024387}}
{"improved": true, "epoch": 22, "iteration": 53981, "train": {"accuracy": 0.9757136770345122, "fscore_class1": 0.938643702906351}, "valid": {"accuracy": 0.8347529812606473, "fscore_class1": 0.45810055865921784}}
{"improved": false, "epoch": 23, "iteration": 56328, "train": {"accuracy": 0.9757136770345122, "fscore_class1": 0.9385113268608414}, "valid": {"accuracy": 0.8296422487223168, "fscore_class1": 0.39759036144578314}}
{"improved": false, "epoch": 24, "iteration": 58675, "train": {"accuracy": 0.9786962079250107, "fscore_class1": 0.9465811965811967}, "valid": {"accuracy": 0.82793867120954, "fscore_class1": 0.4357541899441341}}
{"improved": false, "epoch": 25, "iteration": 61022, "train": {"accuracy": 0.9795483596080102, "fscore_class1": 0.9487179487179488}, "valid": {"accuracy": 0.82793867120954, "fscore_class1": 0.4228571428571429}}
{"improved": false, "epoch": 26, "iteration": 63369, "train": {"accuracy": 0.9816787388155092, "fscore_class1": 0.9543039319872476}, "valid": {"accuracy": 0.8211243611584327, "fscore_class1": 0.42622950819672134}}
{"improved": false, "epoch": 27, "iteration": 65716, "train": {"accuracy": 0.9821048146570089, "fscore_class1": 0.9554140127388536}, "valid": {"accuracy": 0.8228279386712095, "fscore_class1": 0.41573033707865165}}
{"improved": false, "epoch": 28, "iteration": 68063, "train": {"accuracy": 0.9825308904985087, "fscore_class1": 0.9565217391304348}, "valid": {"accuracy": 0.8245315161839863, "fscore_class1": 0.4180790960451978}}
