{"improved": false, "epoch": 0, "iteration": 2347, "train": {"accuracy": 0.7933532168726033, "fscore_class1": 0.0}, "valid": {"accuracy": 0.797274275979557, "fscore_class1": 0.0}}
{"improved": true, "epoch": 1, "iteration": 4694, "train": {"accuracy": 0.8845334469535577, "fscore_class1": 0.626206896551724}, "valid": {"accuracy": 0.8568994889267462, "fscore_class1": 0.49397590361445776}}
{"improved": false, "epoch": 2, "iteration": 7041, "train": {"accuracy": 0.8065615679590967, "fscore_class1": 0.12015503875968991}, "valid": {"accuracy": 0.8006814310051107, "fscore_class1": 0.03305785123966942}}
{"improved": false, "epoch": 3, "iteration": 9388, "train": {"accuracy": 0.870046868342565, "fscore_class1": 0.548148148148148}, "valid": {"accuracy": 0.8415672913117547, "fscore_class1": 0.3673469387755102}}
{"improved": true, "epoch": 4, "iteration": 11735, "train": {"accuracy": 0.9339582445675331, "fscore_class1": 0.8182883939038689}, "valid": {"accuracy": 0.8977853492333902, "fscore_class1": 0.6875000000000001}}
{"improved": false, "epoch": 5, "iteration": 14082, "train": {"accuracy": 0.9135066041755433, "fscore_class1": 0.7387387387387386}, "valid": {"accuracy": 0.8705281090289608, "fscore_class1": 0.5421686746987951}}
{"improved": true, "epoch": 6, "iteration": 16429, "train": {"accuracy": 0.951853429910524, "fscore_class1": 0.8731762065095399}, "valid": {"accuracy": 0.9114139693356048, "fscore_class1": 0.7425742574257425}}
{"improved": true, "epoch": 7, "iteration": 18776, "train": {"accuracy": 0.953983809118023, "fscore_class1": 0.8772727272727273}, "valid": {"accuracy": 0.9165247018739353, "fscore_class1": 0.751269035532995}}
{"improved": false, "epoch": 8, "iteration": 21123, "train": {"accuracy": 0.9595227950575203, "fscore_class1": 0.8938547486033519}, "valid": {"accuracy": 0.9165247018739353, "fscore_class1": 0.751269035532995}}
{"improved": true, "epoch": 9, "iteration": 23470, "train": {"accuracy": 0.9650617809970174, "fscore_class1": 0.9096916299559471}, "valid": {"accuracy": 0.919931856899489, "fscore_class1": 0.7661691542288557}}
{"improved": false, "epoch": 10, "iteration": 25817, "train": {"accuracy": 0.9680443118875159, "fscore_class1": 0.9169435215946843}, "valid": {"accuracy": 0.919931856899489, "fscore_class1": 0.7638190954773869}}
{"improved": true, "epoch": 11, "iteration": 28164, "train": {"accuracy": 0.9723050703025139, "fscore_class1": 0.9289617486338797}, "valid": {"accuracy": 0.9250425894378195, "fscore_class1": 0.7864077669902911}}
{"improved": false, "epoch": 12, "iteration": 30511, "train": {"accuracy": 0.9723050703025139, "fscore_class1": 0.9286498353457738}, "valid": {"accuracy": 0.9250425894378195, "fscore_class1": 0.7821782178217821}}
{"improved": true, "epoch": 13, "iteration": 32858, "train": {"accuracy": 0.9778440562420111, "fscore_class1": 0.9438444924406048}, "valid": {"accuracy": 0.9284497444633731, "fscore_class1": 0.798076923076923}}
{"improved": false, "epoch": 14, "iteration": 35205, "train": {"accuracy": 0.9782701320835109, "fscore_class1": 0.9447453954496208}, "valid": {"accuracy": 0.9267461669505963, "fscore_class1": 0.7902439024390243}}
{"improved": true, "epoch": 15, "iteration": 37552, "train": {"accuracy": 0.9804005112910098, "fscore_class1": 0.9503239740820735}, "valid": {"accuracy": 0.9301533219761499, "fscore_class1": 0.8019323671497585}}
{"improved": false, "epoch": 16, "iteration": 39899, "train": {"accuracy": 0.9812526629740094, "fscore_class1": 0.9525862068965517}, "valid": {"accuracy": 0.9284497444633731, "fscore_class1": 0.798076923076923}}
{"improved": false, "epoch": 17, "iteration": 42246, "train": {"accuracy": 0.9816787388155092, "fscore_class1": 0.9537136706135629}, "valid": {"accuracy": 0.9267461669505963, "fscore_class1": 0.7922705314009661}}
{"improved": true, "epoch": 18, "iteration": 44593, "train": {"accuracy": 0.9829569663400085, "fscore_class1": 0.9570815450643776}, "valid": {"accuracy": 0.9318568994889267, "fscore_class1": 0.8095238095238096}}
{"improved": false, "epoch": 19, "iteration": 46940, "train": {"accuracy": 0.9838091180230081, "fscore_class1": 0.9592274678111589}, "valid": {"accuracy": 0.9284497444633731, "fscore_class1": 0.798076923076923}}
{"improved": false, "epoch": 20, "iteration": 49287, "train": {"accuracy": 0.9838091180230081, "fscore_class1": 0.9592274678111589}, "valid": {"accuracy": 0.9284497444633731, "fscore_class1": 0.798076923076923}}
{"improved": false, "epoch": 21, "iteration": 51634, "train": {"accuracy": 0.9842351938645079, "fscore_class1": 0.9603429796355841}, "valid": {"accuracy": 0.9284497444633731, "fscore_class1": 0.798076923076923}}
{"improved": false, "epoch": 22, "iteration": 53981, "train": {"accuracy": 0.9842351938645079, "fscore_class1": 0.9603429796355841}, "valid": {"accuracy": 0.9284497444633731, "fscore_class1": 0.798076923076923}}
{"improved": false, "epoch": 23, "iteration": 56328, "train": {"accuracy": 0.9846612697060076, "fscore_class1": 0.961456102783726}, "valid": {"accuracy": 0.9267461669505963, "fscore_class1": 0.7942583732057417}}
{"improved": false, "epoch": 24, "iteration": 58675, "train": {"accuracy": 0.9846612697060076, "fscore_class1": 0.961456102783726}, "valid": {"accuracy": 0.9267461669505963, "fscore_class1": 0.7942583732057417}}
{"improved": false, "epoch": 25, "iteration": 61022, "train": {"accuracy": 0.9846612697060076, "fscore_class1": 0.961456102783726}, "valid": {"accuracy": 0.9267461669505963, "fscore_class1": 0.7922705314009661}}
{"improved": false, "epoch": 26, "iteration": 63369, "train": {"accuracy": 0.9850873455475074, "fscore_class1": 0.9625668449197862}, "valid": {"accuracy": 0.9284497444633731, "fscore_class1": 0.8000000000000002}}
{"improved": false, "epoch": 27, "iteration": 65716, "train": {"accuracy": 0.9850873455475074, "fscore_class1": 0.9625668449197862}, "valid": {"accuracy": 0.9267461669505963, "fscore_class1": 0.7922705314009661}}
{"improved": false, "epoch": 28, "iteration": 68063, "train": {"accuracy": 0.9850873455475074, "fscore_class1": 0.9625668449197862}, "valid": {"accuracy": 0.9233390119250426, "fscore_class1": 0.7826086956521738}}
{"improved": false, "epoch": 29, "iteration": 70410, "train": {"accuracy": 0.9855134213890072, "fscore_class1": 0.9636752136752137}, "valid": {"accuracy": 0.9301533219761499, "fscore_class1": 0.8075117370892019}}
{"improved": false, "epoch": 30, "iteration": 72757, "train": {"accuracy": 0.9850873455475074, "fscore_class1": 0.9625668449197862}, "valid": {"accuracy": 0.9250425894378195, "fscore_class1": 0.7884615384615384}}
{"improved": false, "epoch": 31, "iteration": 75104, "train": {"accuracy": 0.9850873455475074, "fscore_class1": 0.9625668449197862}, "valid": {"accuracy": 0.9284497444633731, "fscore_class1": 0.8000000000000002}}
{"improved": true, "epoch": 32, "iteration": 77451, "train": {"accuracy": 0.9850873455475074, "fscore_class1": 0.9625668449197862}, "valid": {"accuracy": 0.9318568994889267, "fscore_class1": 0.8130841121495327}}
{"improved": false, "epoch": 33, "iteration": 79798, "train": {"accuracy": 0.985939497230507, "fscore_class1": 0.9647812166488794}, "valid": {"accuracy": 0.9301533219761499, "fscore_class1": 0.8075117370892019}}
{"improved": false, "epoch": 34, "iteration": 82145, "train": {"accuracy": 0.985939497230507, "fscore_class1": 0.9647812166488794}, "valid": {"accuracy": 0.9267461669505963, "fscore_class1": 0.7962085308056872}}
{"improved": false, "epoch": 35, "iteration": 84492, "train": {"accuracy": 0.985939497230507, "fscore_class1": 0.9647812166488794}, "valid": {"accuracy": 0.9284497444633731, "fscore_class1": 0.8000000000000002}}
{"improved": false, "epoch": 36, "iteration": 86839, "train": {"accuracy": 0.985939497230507, "fscore_class1": 0.9647812166488794}, "valid": {"accuracy": 0.9318568994889267, "fscore_class1": 0.8130841121495327}}
{"improved": false, "epoch": 37, "iteration": 89186, "train": {"accuracy": 0.985939497230507, "fscore_class1": 0.9647812166488794}, "valid": {"accuracy": 0.9301533219761499,