{"split": 3, "improved": true, "epoch": 0, "iteration": 2347, "train": {"accuracy": 0.8304218150830848, "fscore_class1": 0.3041958041958042}, "valid": {"accuracy": 0.8160136286201022, "fscore_class1": 0.18181818181818182}}
{"split": 3, "improved": true, "epoch": 1, "iteration": 4694, "train": {"accuracy": 0.9314017895185343, "fscore_class1": 0.8134414831981459}, "valid": {"accuracy": 0.9301533219761499, "fscore_class1": 0.8161434977578474}}
{"split": 3, "improved": true, "epoch": 2, "iteration": 7041, "train": {"accuracy": 0.9492969748615253, "fscore_class1": 0.8633754305396096}, "valid": {"accuracy": 0.948892674616695, "fscore_class1": 0.8636363636363635}}
{"split": 3, "improved": true, "epoch": 3, "iteration": 9388, "train": {"accuracy": 0.9654878568385172, "fscore_class1": 0.9102990033222591}, "valid": {"accuracy": 0.9522998296422487, "fscore_class1": 0.8738738738738738}}
{"split": 3, "improved": true, "epoch": 4, "iteration": 11735, "train": {"accuracy": 0.9727311461440137, "fscore_class1": 0.9310344827586208}, "valid": {"accuracy": 0.948892674616695, "fscore_class1": 0.8739495798319329}}
{"split": 3, "improved": false, "epoch": 5, "iteration": 14082, "train": {"accuracy": 0.9769919045590115, "fscore_class1": 0.9415584415584415}, "valid": {"accuracy": 0.9471890971039182, "fscore_class1": 0.8669527896995708}}
{"split": 3, "improved": false, "epoch": 6, "iteration": 16429, "train": {"accuracy": 0.9795483596080102, "fscore_class1": 0.9480519480519481}, "valid": {"accuracy": 0.948892674616695, "fscore_class1": 0.8706896551724138}}
{"split": 3, "improved": false, "epoch": 7, "iteration": 18776, "train": {"accuracy": 0.9804005112910098, "fscore_class1": 0.9505376344086021}, "valid": {"accuracy": 0.9352640545144804, "fscore_class1": 0.8492063492063493}}
{"split": 3, "improved": false, "epoch": 8, "iteration": 21123, "train": {"accuracy": 0.9812526629740094, "fscore_class1": 0.9525862068965517}, "valid": {"accuracy": 0.9369676320272572, "fscore_class1": 0.8489795918367347}}
{"split": 3, "improved": false, "epoch": 9, "iteration": 23470, "train": {"accuracy": 0.9795483596080102, "fscore_class1": 0.9487179487179487}, "valid": {"accuracy": 0.9216354344122658, "fscore_class1": 0.8244274809160305}}
{"split": 3, "improved": false, "epoch": 10, "iteration": 25817, "train": {"accuracy": 0.97997443544951, "fscore_class1": 0.9497326203208556}, "valid": {"accuracy": 0.919931856899489, "fscore_class1": 0.8212927756653992}}
