{"selection_metric": 0.10218978102189781, "epoch": 4, "valid": {"accuracy": 0.7904599659284497, "fscore_class1": 0.10218978102189781}, "train": {"accuracy": 0.8295696634000852, "fscore_class1": 0.33993399339933994}, "iteration": 11735}