{"split": 2, "improved": true, "epoch": 0, "iteration": 2347, "train": {"accuracy": 0.8108223263740946, "fscore_class1": 0.09387755102040816}, "valid": {"accuracy": 0.7751277683134583, "fscore_class1": 0.0704225352112676}}
{"split": 2, "improved": true, "epoch": 1, "iteration": 4694, "train": {"accuracy": 0.9075415423945462, "fscore_class1": 0.7185473411154345}, "valid": {"accuracy": 0.8671209540034072, "fscore_class1": 0.6285714285714287}}
{"split": 2, "improved": true, "epoch": 2, "iteration": 7041, "train": {"accuracy": 0.9394972305070303, "fscore_class1": 0.8276699029126214}, "valid": {"accuracy": 0.879045996592845, "fscore_class1": 0.6816143497757847}}
{"split": 2, "improved": true, "epoch": 3, "iteration": 9388, "train": {"accuracy": 0.9573924158500213, "fscore_class1": 0.88558352402746}, "valid": {"accuracy": 0.8909710391822828, "fscore_class1": 0.7419354838709676}}
{"split": 2, "improved": false, "epoch": 4, "iteration": 11735, "train": {"accuracy": 0.9637835534725181, "fscore_class1": 0.9010477299185099}, "valid": {"accuracy": 0.8909710391822828, "fscore_class1": 0.7377049180327869}}
{"split": 2, "improved": true, "epoch": 5, "iteration": 14082, "train": {"accuracy": 0.9731572219855135, "fscore_class1": 0.9281641961231472}, "valid": {"accuracy": 0.8943781942078365, "fscore_class1": 0.7479674796747968}}
{"split": 2, "improved": false, "epoch": 6, "iteration": 16429, "train": {"accuracy": 0.9769919045590115, "fscore_class1": 0.9389140271493214}, "valid": {"accuracy": 0.8943781942078365, "fscore_class1": 0.7479674796747968}}
{"split": 2, "improved": false, "epoch": 7, "iteration": 18776, "train": {"accuracy": 0.9804005112910098, "fscore_class1": 0.9481981981981982}, "valid": {"accuracy": 0.8926746166950597, "fscore_class1": 0.7364016736401674}}
{"split": 2, "improved": false, "epoch": 8, "iteration": 21123, "train": {"accuracy": 0.9808265871325096, "fscore_class1": 0.9494949494949495}, "valid": {"accuracy": 0.8926746166950597, "fscore_class1": 0.7428571428571428}}
{"split": 2, "improved": false, "epoch": 9, "iteration": 23470, "train": {"accuracy": 0.9791222837665104, "fscore_class1": 0.9446327683615818}, "valid": {"accuracy": 0.8875638841567292, "fscore_class1": 0.7130434782608696}}
{"split": 2, "improved": false, "epoch": 10, "iteration": 25817, "train": {"accuracy": 0.9782701320835109, "fscore_class1": 0.942242355605889}, "valid": {"accuracy": 0.8875638841567292, "fscore_class1": 0.7105263157894737}}
{"split": 2, "improved": false, "epoch": 11, "iteration": 28164, "train": {"accuracy": 0.9791222837665104, "fscore_class1": 0.9446327683615818}, "valid": {"accuracy": 0.8807495741056218, "fscore_class1": 0.6875}}
