{"split": 9, "improved": true, "epoch": 0, "iteration": 2347, "train": {"accuracy": 0.8947592671495527, "fscore_class1": 0.6693440428380187}, "valid": {"accuracy": 0.9131175468483816, "fscore_class1": 0.6871165644171778}}
{"split": 9, "improved": true, "epoch": 1, "iteration": 4694, "train": {"accuracy": 0.9676182360460162, "fscore_class1": 0.9173913043478262}, "valid": {"accuracy": 0.9761499148211243, "fscore_class1": 0.9299999999999999}}
{"split": 9, "improved": true, "epoch": 2, "iteration": 7041, "train": {"accuracy": 0.9765658287175117, "fscore_class1": 0.9417989417989419}, "valid": {"accuracy": 0.979557069846678, "fscore_class1": 0.9411764705882352}}
{"split": 9, "improved": true, "epoch": 3, "iteration": 9388, "train": {"accuracy": 0.9804005112910098, "fscore_class1": 0.9515789473684211}, "valid": {"accuracy": 0.9812606473594548, "fscore_class1": 0.9463414634146342}}
{"split": 9, "improved": false, "epoch": 4, "iteration": 11735, "train": {"accuracy": 0.9816787388155092, "fscore_class1": 0.9547844374342797}, "valid": {"accuracy": 0.9761499148211243, "fscore_class1": 0.9306930693069306}}
{"split": 9, "improved": false, "epoch": 5, "iteration": 14082, "train": {"accuracy": 0.9821048146570089, "fscore_class1": 0.9558823529411764}, "valid": {"accuracy": 0.9744463373083475, "fscore_class1": 0.9253731343283582}}
{"split": 9, "improved": false, "epoch": 6, "iteration": 16429, "train": {"accuracy": 0.9825308904985087, "fscore_class1": 0.9569779643231899}, "valid": {"accuracy": 0.9744463373083475, "fscore_class1": 0.9253731343283582}}
{"split": 9, "improved": false, "epoch": 7, "iteration": 18776, "train": {"accuracy": 0.9821048146570089, "fscore_class1": 0.9558823529411764}, "valid": {"accuracy": 0.9744463373083475, "fscore_class1": 0.9253731343283582}}
{"split": 9, "improved": false, "epoch": 8, "iteration": 21123, "train": {"accuracy": 0.9825308904985087, "fscore_class1": 0.9569779643231899}, "valid": {"accuracy": 0.9744463373083475, "fscore_class1": 0.9253731343283582}}
{"split": 9, "improved": false, "epoch": 9, "iteration": 23470, "train": {"accuracy": 0.9825308904985087, "fscore_class1": 0.9569779643231899}, "valid": {"accuracy": 0.9744463373083475, "fscore_class1": 0.9261083743842364}}
