{"selection_metric": 0.9463414634146342, "epoch": 3, "valid": {"accuracy": 0.9812606473594548, "fscore_class1": 0.9463414634146342}, "train": {"accuracy": 0.9804005112910098, "fscore_class1": 0.9515789473684211}, "iteration": 9388}