{"improved": false, "epoch": 0, "iteration": 2347, "train": {"accuracy": 0.7976139752876011, "fscore_class1": 0.0}, "valid": {"accuracy": 0.7802385008517888, "fscore_class1": 0.0}}
{"improved": true, "epoch": 1, "iteration": 4694, "train": {"accuracy": 0.8265871325095867, "fscore_class1": 0.27708703374777977}, "valid": {"accuracy": 0.797274275979557, "fscore_class1": 0.1793103448275862}}
{"improved": false, "epoch": 2, "iteration": 7041, "train": {"accuracy": 0.8027268853855987, "fscore_class1": 0.04928131416837782}, "valid": {"accuracy": 0.7819420783645656, "fscore_class1": 0.015384615384615384}}
{"improved": false, "epoch": 3, "iteration": 9388, "train": {"accuracy": 0.8031529612270984, "fscore_class1": 0.05327868852459017}, "valid": {"accuracy": 0.7819420783645656, "fscore_class1": 0.015384615384615384}}
{"improved": true, "epoch": 4, "iteration": 11735, "train": {"accuracy": 0.8717511717085641, "fscore_class1": 0.569384835479256}, "valid": {"accuracy": 0.8466780238500852, "fscore_class1": 0.5108695652173912}}
{"improved": false, "epoch": 5, "iteration": 14082, "train": {"accuracy": 0.8657861099275671, "fscore_class1": 0.5248868778280543}, "valid": {"accuracy": 0.8228279386712095, "fscore_class1": 0.37349397590361444}}
{"improved": false, "epoch": 6, "iteration": 16429, "train": {"accuracy": 0.8730293992330634, "fscore_class1": 0.563049853372434}, "valid": {"accuracy": 0.8330494037478705, "fscore_class1": 0.43023255813953487}}
{"improved": true, "epoch": 7, "iteration": 18776, "train": {"accuracy": 0.9122283766510438, "fscore_class1": 0.7425}, "valid": {"accuracy": 0.8705281090289608, "fscore_class1": 0.6274509803921569}}
{"improved": false, "epoch": 8, "iteration": 21123, "train": {"accuracy": 0.9143587558585429, "fscore_class1": 0.7439490445859873}, "valid": {"accuracy": 0.8671209540034072, "fscore_class1": 0.597938144329897}}
{"improved": true, "epoch": 9, "iteration": 23470, "train": {"accuracy": 0.9271410311035364, "fscore_class1": 0.7922235722964762}, "valid": {"accuracy": 0.8756388415672913, "fscore_class1": 0.6403940886699506}}
{"improved": true, "epoch": 10, "iteration": 25817, "train": {"accuracy": 0.9348103962505326, "fscore_class1": 0.8154402895054282}, "valid": {"accuracy": 0.8807495741056218, "fscore_class1": 0.6601941747572817}}
{"improved": true, "epoch": 11, "iteration": 28164, "train": {"accuracy": 0.9424797613975288, "fscore_class1": 0.8398576512455517}, "valid": {"accuracy": 0.8841567291311755, "fscore_class1": 0.6761904761904761}}
{"improved": true, "epoch": 12, "iteration": 30511, "train": {"accuracy": 0.9510012782275244, "fscore_class1": 0.8661233993015134}, "valid": {"accuracy": 0.889267461669506, "fscore_class1": 0.6976744186046513}}
{"improved": true, "epoch": 13, "iteration": 32858, "train": {"accuracy": 0.9552620366425224, "fscore_class1": 0.8780487804878049}, "valid": {"accuracy": 0.8909710391822828, "fscore_class1": 0.7009345794392524}}
{"improved": true, "epoch": 14, "iteration": 35205, "train": {"accuracy": 0.9637835534725181, "fscore_class1": 0.9030786773090079}, "valid": {"accuracy": 0.8926746166950597, "fscore_class1": 0.7149321266968326}}
{"improved": false, "epoch": 15, "iteration": 37552, "train": {"accuracy": 0.9671921602045164, "fscore_class1": 0.9125993189557322}, "valid": {"accuracy": 0.8909710391822828, "fscore_class1": 0.7090909090909091}}
{"improved": true, "epoch": 16, "iteration": 39899, "train": {"accuracy": 0.9701746910950149, "fscore_class1": 0.9211711711711712}, "valid": {"accuracy": 0.8926746166950597, "fscore_class1": 0.7174887892376681}}
{"improved": false, "epoch": 17, "iteration": 42246, "train": {"accuracy": 0.9731572219855135, "fscore_class1": 0.9292929292929293}, "valid": {"accuracy": 0.8926746166950597, "fscore_class1": 0.7174887892376681}}
{"improved": true, "epoch": 18, "iteration": 44593, "train": {"accuracy": 0.9748615253515126, "fscore_class1": 0.9340782122905028}, "valid": {"accuracy": 0.9011925042589438, "fscore_class1": 0.7456140350877193}}
{"improved": false, "epoch": 19, "iteration": 46940, "train": {"accuracy": 0.9757136770345122, "fscore_class1": 0.9364548494983277}, "valid": {"accuracy": 0.8977853492333902, "fscore_class1": 0.7321428571428572}}
{"improved": false, "epoch": 20, "iteration": 49287, "train": {"accuracy": 0.9778440562420111, "fscore_class1": 0.9420935412026726}, "valid": {"accuracy": 0.9011925042589438, "fscore_class1": 0.7433628318584071}}
{"improved": false, "epoch": 21, "iteration": 51634, "train": {"accuracy": 0.9782701320835109, "fscore_class1": 0.9432703003337042}, "valid": {"accuracy": 0.9011925042589438, "fscore_class1": 0.7433628318584071}}
{"improved": true, "epoch": 22, "iteration": 53981, "train": {"accuracy": 0.9786962079250107, "fscore_class1": 0.9444444444444444}, "valid": {"accuracy": 0.9028960817717206, "fscore_class1": 0.7532467532467532}}
{"improved": false, "epoch": 23, "iteration": 56328, "train": {"accuracy": 0.9795483596080102, "fscore_class1": 0.9467849223946785}, "valid": {"accuracy": 0.9011925042589438, "fscore_class1": 0.7433628318584071}}
{"improved": false, "epoch": 24, "iteration": 58675, "train": {"accuracy": 0.9804005112910098, "fscore_class1": 0.9491150442477876}, "valid": {"accuracy": 0.9028960817717206, "fscore_class1": 0.7532467532467532}}
{"improved": false, "epoch": 25, "iteration": 61022, "train": {"accuracy": 0.9804005112910098, "fscore_class1": 0.9491150442477876}, "valid": {"accuracy": 0.8977853492333902, "fscore_class1": 0.7345132743362832}}
{"improved": true, "epoch": 26, "iteration": 63369, "train": {"accuracy": 0.9812526629740094, "fscore_class1": 0.9514348785871964}, "valid": {"accuracy": 0.9045996592844975, "fscore_class1": 0.7565217391304347}}
{"improved": false, "epoch": 27, "iteration": 65716, "train": {"accuracy": 0.9812526629740094, "fscore_class1": 0.9514348785871964}, "valid": {"accuracy": 0.9028960817717206, "fscore_class1": 0.7553648068669527}}
{"improved": true, "epoch": 28, "iteration": 68063, "train": {"accuracy": 0.9816787388155092, "fscore_class1": 0.9525909592061743}, "valid": {"accuracy": 0.9045996592844975, "fscore_class1": 0.7586206896551724}}
{"improved": false, "epoch": 29, "iteration": 70410, "train": {"accuracy": 0.9821048146570089, "fscore_class1": 0.9537444933920705}, "valid": {"accuracy": 0.9028960817717206, "fscore_class1": 0.7553648068669527}}
{"improved": false, "epoch": 30, "iteration": 72757, "train": {"accuracy": 0.9821048146570089, "fscore_class1": 0.9537444933920705}, "valid": {"accuracy": 0.9028960817717206, "fscore_class1": 0.7553648068669527}}
{"improved": false, "epoch": 31, "iteration": 75104, "train": {"accuracy": 0.9816787388155092, "fscore_class1": 0.9525909592061743}, "valid": {"accuracy": 0.9028960817717206, "fscore_class1": 0.7532467532467532}}
{"improved": true, "epoch": 32, "iteration": 77451, "train": {"accuracy": 0.9825308904985087, "fscore_class1": 0.9548954895489549}, "valid": {"accuracy": 0.9028960817717206, "fscore_class1": 0.7615062761506277}}
{"improved": false, "epoch": 33, "iteration": 79798, "train": {"accuracy": 0.9825308904985087, "fscore_class1": 0.9548954895489549}, "valid": {"accuracy": 0.9028960817717206, "fscore_class1": 0.7532467532467532}}
{"improved": false, "epoch": 34, "iteration": 82145, "train": {"accuracy": 0.9825308904985087, "fscore_class1": 0.9548954895489549}, "valid": {"accuracy": 0.899488926746167, "fscore_class1": 0.7510548523206751}}
{"improved": false, "epoch": 35, "iteration": 84492, "train": {"accuracy": 0.9825308904985087, "fscore_class1": 0.9548954895489549}, "valid": {"accuracy": 0.8977853492333902, "fscore_class1": 0.7435897435897435}}
{"improved": false, "epoch": 36, "iteration": 86839, "train": {"accuracy": 0.9825308904985087, "fscore_class1": 0.9548954895489549}, "valid": {"accuracy": 0.8977853492333902, "fscore_class1": 0.7413793103448275}}
{"improved": false, "epoch": 37, "iteration": 89186, "train": {"accuracy": 0.9829569663400085, "fscore_class1": 0.956043956043956}, "valid": {"accuracy": 0.8977853492333902,