{"split": 6, "improved": true, "epoch": 0, "iteration": 2347, "train": {"accuracy": 0.8734554750745632, "fscore_class1": 0.5506807866868381}, "valid": {"accuracy": 0.858603066439523, "fscore_class1": 0.5029940119760479}}
{"split": 6, "improved": true, "epoch": 1, "iteration": 4694, "train": {"accuracy": 0.9548359608010226, "fscore_class1": 0.8767441860465115}, "valid": {"accuracy": 0.9437819420783645, "fscore_class1": 0.8506787330316741}}
{"split": 6, "improved": true, "epoch": 2, "iteration": 7041, "train": {"accuracy": 0.9701746910950149, "fscore_class1": 0.9218750000000001}, "valid": {"accuracy": 0.959114139693356, "fscore_class1": 0.8974358974358974}}
{"split": 6, "improved": true, "epoch": 3, "iteration": 9388, "train": {"accuracy": 0.9778440562420111, "fscore_class1": 0.9427312775330396}, "valid": {"accuracy": 0.9625212947189097, "fscore_class1": 0.9067796610169492}}
{"split": 6, "improved": false, "epoch": 4, "iteration": 11735, "train": {"accuracy": 0.9804005112910098, "fscore_class1": 0.9496717724288839}, "valid": {"accuracy": 0.9625212947189097, "fscore_class1": 0.9067796610169492}}
{"split": 6, "improved": false, "epoch": 5, "iteration": 14082, "train": {"accuracy": 0.9833830421815083, "fscore_class1": 0.9575625680087051}, "valid": {"accuracy": 0.9608177172061328, "fscore_class1": 0.9021276595744679}}
{"split": 6, "improved": true, "epoch": 6, "iteration": 16429, "train": {"accuracy": 0.9842351938645079, "fscore_class1": 0.9598262757871878}, "valid": {"accuracy": 0.9625212947189097, "fscore_class1": 0.907563025210084}}
{"split": 6, "improved": true, "epoch": 7, "iteration": 18776, "train": {"accuracy": 0.9842351938645079, "fscore_class1": 0.9598262757871878}, "valid": {"accuracy": 0.9642248722316865, "fscore_class1": 0.9121338912133891}}
{"split": 6, "improved": true, "epoch": 8, "iteration": 21123, "train": {"accuracy": 0.9842351938645079, "fscore_class1": 0.9598262757871878}, "valid": {"accuracy": 0.9642248722316865, "fscore_class1": 0.9135802469135803}}
{"split": 6, "improved": false, "epoch": 9, "iteration": 23470, "train": {"accuracy": 0.9846612697060076, "fscore_class1": 0.9609544468546637}, "valid": {"accuracy": 0.959114139693356, "fscore_class1": 0.8991596638655461}}
{"split": 6, "improved": false, "epoch": 10, "iteration": 25817, "train": {"accuracy": 0.9842351938645079, "fscore_class1": 0.9598262757871878}, "valid": {"accuracy": 0.9557069846678024, "fscore_class1": 0.888888888888889}}
{"split": 6, "improved": false, "epoch": 11, "iteration": 28164, "train": {"accuracy": 0.9842351938645079, "fscore_class1": 0.9598262757871878}, "valid": {"accuracy": 0.959114139693356, "fscore_class1": 0.896551724137931}}
{"split": 6, "improved": false, "epoch": 12, "iteration": 30511, "train": {"accuracy": 0.9846612697060076, "fscore_class1": 0.9609544468546637}, "valid": {"accuracy": 0.9574105621805792, "fscore_class1": 0.8936170212765958}}
{"split": 6, "improved": false, "epoch": 13, "iteration": 32858, "train": {"accuracy": 0.9846612697060076, "fscore_class1": 0.9609544468546637}, "valid": {"accuracy": 0.959114139693356, "fscore_class1": 0.896551724137931}}
{"split": 6, "improved": false, "epoch": 14, "iteration": 35205, "train": {"accuracy": 0.9855134213890072, "fscore_class1": 0.9632034632034632}, "valid": {"accuracy": 0.9557069846678024, "fscore_class1": 0.8898305084745762}}
