{"split": 4, "improved": true, "epoch": 0, "iteration": 2347, "train": {"accuracy": 0.8091180230080954, "fscore_class1": 0.10756972111553786}, "valid": {"accuracy": 0.797274275979557, "fscore_class1": 0.14388489208633096}}
{"split": 4, "improved": true, "epoch": 1, "iteration": 4694, "train": {"accuracy": 0.9186195142735407, "fscore_class1": 0.7503267973856209}, "valid": {"accuracy": 0.879045996592845, "fscore_class1": 0.6243386243386243}}
{"split": 4, "improved": true, "epoch": 2, "iteration": 7041, "train": {"accuracy": 0.9522795057520239, "fscore_class1": 0.8672985781990521}, "valid": {"accuracy": 0.9148211243611585, "fscore_class1": 0.7641509433962265}}
{"split": 4, "improved": true, "epoch": 3, "iteration": 9388, "train": {"accuracy": 0.9654878568385172, "fscore_class1": 0.9070034443168772}, "valid": {"accuracy": 0.9267461669505963, "fscore_class1": 0.8036529680365296}}
{"split": 4, "improved": true, "epoch": 4, "iteration": 11735, "train": {"accuracy": 0.9744354495100128, "fscore_class1": 0.9327354260089685}, "valid": {"accuracy": 0.9403747870528109, "fscore_class1": 0.849785407725322}}
{"split": 4, "improved": true, "epoch": 5, "iteration": 14082, "train": {"accuracy": 0.9786962079250107, "fscore_class1": 0.9444444444444444}, "valid": {"accuracy": 0.9403747870528109, "fscore_class1": 0.851063829787234}}
{"split": 4, "improved": false, "epoch": 6, "iteration": 16429, "train": {"accuracy": 0.9812526629740094, "fscore_class1": 0.9514348785871964}, "valid": {"accuracy": 0.9403747870528109, "fscore_class1": 0.851063829787234}}
{"split": 4, "improved": false, "epoch": 7, "iteration": 18776, "train": {"accuracy": 0.9833830421815083, "fscore_class1": 0.9571899012074644}, "valid": {"accuracy": 0.9403747870528109, "fscore_class1": 0.851063829787234}}
{"split": 4, "improved": false, "epoch": 8, "iteration": 21123, "train": {"accuracy": 0.9842351938645079, "fscore_class1": 0.9594742606790799}, "valid": {"accuracy": 0.938671209540034, "fscore_class1": 0.8487394957983192}}
{"split": 4, "improved": true, "epoch": 9, "iteration": 23470, "train": {"accuracy": 0.9833830421815083, "fscore_class1": 0.9574700109051254}, "valid": {"accuracy": 0.9352640545144804, "fscore_class1": 0.8515625}}
{"split": 4, "improved": false, "epoch": 10, "iteration": 25817, "train": {"accuracy": 0.9829569663400085, "fscore_class1": 0.9564270152505446}, "valid": {"accuracy": 0.9335604770017035, "fscore_class1": 0.8446215139442231}}
{"split": 4, "improved": false, "epoch": 11, "iteration": 28164, "train": {"accuracy": 0.9842351938645079, "fscore_class1": 0.9596510359869139}, "valid": {"accuracy": 0.9301533219761499, "fscore_class1": 0.842911877394636}}
{"split": 4, "improved": false, "epoch": 12, "iteration": 30511, "train": {"accuracy": 0.9846612697060076, "fscore_class1": 0.9606126914660831}, "valid": {"accuracy": 0.9369676320272572, "fscore_class1": 0.8477366255144033}}
{"split": 4, "improved": true, "epoch": 13, "iteration": 32858, "train": {"accuracy": 0.9842351938645079, "fscore_class1": 0.9594742606790799}, "valid": {"accuracy": 0.9403747870528109, "fscore_class1": 0.8523206751054851}}
{"split": 4, "improved": false, "epoch": 14, "iteration": 35205, "train": {"accuracy": 0.9833830421815083, "fscore_class1": 0.9571899012074644}, "valid": {"accuracy": 0.9403747870528109, "fscore_class1": 0.849785407725322}}
{"split": 4, "improved": false, "epoch": 15, "iteration": 37552, "train": {"accuracy": 0.9842351938645079, "fscore_class1": 0.9594742606790799}, "valid": {"accuracy": 0.938671209540034, "fscore_class1": 0.8448275862068966}}
{"split": 4, "improved": false, "epoch": 16, "iteration": 39899, "train": {"accuracy": 0.9855134213890072, "fscore_class1": 0.9628820960698691}, "valid": {"accuracy": 0.9318568994889267, "fscore_class1": 0.8360655737704918}}
{"split": 4, "improved": false, "epoch": 17, "iteration": 42246, "train": {"accuracy": 0.9855134213890072, "fscore_class1": 0.9628820960698691}, "valid": {"accuracy": 0.9301533219761499, "fscore_class1": 0.831275720164609}}
{"split": 4, "improved": false, "epoch": 18, "iteration": 44593, "train": {"accuracy": 0.9855134213890072, "fscore_class1": 0.9628820960698691}, "valid": {"accuracy": 0.9335604770017035, "fscore_class1": 0.8395061728395061}}
{"split": 4, "improved": false, "epoch": 19, "iteration": 46940, "train": {"accuracy": 0.9855134213890072, "fscore_class1": 0.9628820960698691}, "valid": {"accuracy": 0.9318568994889267, "fscore_class1": 0.8360655737704918}}
