{"split": 2, "improved": true, "epoch": 0, "iteration": 2347, "train": {"accuracy": 0.8133787814230933, "fscore_class1": 0.15444015444015446}, "valid": {"accuracy": 0.7938671209540034, "fscore_class1": 0.1037037037037037}}
{"split": 2, "improved": true, "epoch": 1, "iteration": 4694, "train": {"accuracy": 0.8768640818065616, "fscore_class1": 0.5731166912850812}, "valid": {"accuracy": 0.8330494037478705, "fscore_class1": 0.379746835443038}}
{"split": 2, "improved": true, "epoch": 2, "iteration": 7041, "train": {"accuracy": 0.9343843204090329, "fscore_class1": 0.8135593220338982}, "valid": {"accuracy": 0.8637137989778535, "fscore_class1": 0.5833333333333334}}
{"split": 2, "improved": true, "epoch": 3, "iteration": 9388, "train": {"accuracy": 0.9565402641670218, "fscore_class1": 0.8830275229357798}, "valid": {"accuracy": 0.8773424190800682, "fscore_class1": 0.64}}
{"split": 2, "improved": true, "epoch": 4, "iteration": 11735, "train": {"accuracy": 0.9650617809970174, "fscore_class1": 0.9068181818181819}, "valid": {"accuracy": 0.8858603066439523, "fscore_class1": 0.6731707317073171}}
{"split": 2, "improved": true, "epoch": 5, "iteration": 14082, "train": {"accuracy": 0.9727311461440137, "fscore_class1": 0.9284116331096197}, "valid": {"accuracy": 0.8909710391822828, "fscore_class1": 0.6862745098039216}}
{"split": 2, "improved": true, "epoch": 6, "iteration": 16429, "train": {"accuracy": 0.9765658287175117, "fscore_class1": 0.9390919158361019}, "valid": {"accuracy": 0.889267461669506, "fscore_class1": 0.6948356807511736}}
{"split": 2, "improved": false, "epoch": 7, "iteration": 18776, "train": {"accuracy": 0.9786962079250107, "fscore_class1": 0.9448123620309051}, "valid": {"accuracy": 0.8858603066439523, "fscore_class1": 0.6666666666666666}}
{"split": 2, "improved": false, "epoch": 8, "iteration": 21123, "train": {"accuracy": 0.9825308904985087, "fscore_class1": 0.9549945115257958}, "valid": {"accuracy": 0.889267461669506, "fscore_class1": 0.6798029556650247}}
{"split": 2, "improved": false, "epoch": 9, "iteration": 23470, "train": {"accuracy": 0.9821048146570089, "fscore_class1": 0.9538461538461539}, "valid": {"accuracy": 0.8756388415672913, "fscore_class1": 0.6217616580310881}}
{"split": 2, "improved": false, "epoch": 10, "iteration": 25817, "train": {"accuracy": 0.9838091180230081, "fscore_class1": 0.9584245076586434}, "valid": {"accuracy": 0.889267461669506, "fscore_class1": 0.6919431279620853}}
{"split": 2, "improved": false, "epoch": 11, "iteration": 28164, "train": {"accuracy": 0.9846612697060076, "fscore_class1": 0.9606986899563319}, "valid": {"accuracy": 0.8841567291311755, "fscore_class1": 0.6851851851851852}}
{"split": 2, "improved": false, "epoch": 12, "iteration": 30511, "train": {"accuracy": 0.9846612697060076, "fscore_class1": 0.9606986899563319}, "valid": {"accuracy": 0.8841567291311755, "fscore_class1": 0.6909090909090908}}
