{"split": 5, "improved": true, "epoch": 0, "iteration": 2347, "train": {"accuracy": 0.8317000426075841, "fscore_class1": 0.3247863247863248}, "valid": {"accuracy": 0.8347529812606473, "fscore_class1": 0.2595419847328244}}
{"split": 5, "improved": true, "epoch": 1, "iteration": 4694, "train": {"accuracy": 0.9552620366425224, "fscore_class1": 0.8813559322033897}, "valid": {"accuracy": 0.9454855195911414, "fscore_class1": 0.8399999999999999}}
{"split": 5, "improved": true, "epoch": 2, "iteration": 7041, "train": {"accuracy": 0.9706007669365146, "fscore_class1": 0.9254054054054054}, "valid": {"accuracy": 0.9557069846678024, "fscore_class1": 0.8761904761904762}}
{"split": 5, "improved": false, "epoch": 3, "iteration": 9388, "train": {"accuracy": 0.9765658287175117, "fscore_class1": 0.9410503751339764}, "valid": {"accuracy": 0.9557069846678024, "fscore_class1": 0.8761904761904762}}
{"split": 5, "improved": false, "epoch": 4, "iteration": 11735, "train": {"accuracy": 0.9804005112910098, "fscore_class1": 0.951063829787234}, "valid": {"accuracy": 0.9540034071550255, "fscore_class1": 0.8732394366197183}}
{"split": 5, "improved": false, "epoch": 5, "iteration": 14082, "train": {"accuracy": 0.9812526629740094, "fscore_class1": 0.9531914893617021}, "valid": {"accuracy": 0.9540034071550255, "fscore_class1": 0.8744186046511628}}
{"split": 5, "improved": true, "epoch": 6, "iteration": 16429, "train": {"accuracy": 0.9821048146570089, "fscore_class1": 0.9555084745762712}, "valid": {"accuracy": 0.9522998296422487, "fscore_class1": 0.8771929824561403}}
{"split": 5, "improved": false, "epoch": 7, "iteration": 18776, "train": {"accuracy": 0.9833830421815083, "fscore_class1": 0.9587301587301588}, "valid": {"accuracy": 0.9522998296422487, "fscore_class1": 0.8771929824561403}}
{"split": 5, "improved": false, "epoch": 8, "iteration": 21123, "train": {"accuracy": 0.9842351938645079, "fscore_class1": 0.9608465608465608}, "valid": {"accuracy": 0.9505962521294719, "fscore_class1": 0.8733624454148472}}
{"split": 5, "improved": false, "epoch": 9, "iteration": 23470, "train": {"accuracy": 0.9838091180230081, "fscore_class1": 0.9597457627118644}, "valid": {"accuracy": 0.9505962521294719, "fscore_class1": 0.8687782805429863}}
{"split": 5, "improved": true, "epoch": 10, "iteration": 25817, "train": {"accuracy": 0.9833830421815083, "fscore_class1": 0.9585547290116897}, "valid": {"accuracy": 0.9557069846678024, "fscore_class1": 0.8773584905660378}}
{"split": 5, "improved": false, "epoch": 11, "iteration": 28164, "train": {"accuracy": 0.9833830421815083, "fscore_class1": 0.9585547290116897}, "valid": {"accuracy": 0.9522998296422487, "fscore_class1": 0.8640776699029126}}
{"split": 5, "improved": false, "epoch": 12, "iteration": 30511, "train": {"accuracy": 0.9833830421815083, "fscore_class1": 0.9585547290116897}, "valid": {"accuracy": 0.9505962521294719, "fscore_class1": 0.8585365853658538}}
{"split": 5, "improved": false, "epoch": 13, "iteration": 32858, "train": {"accuracy": 0.9838091180230081, "fscore_class1": 0.9596602972399151}, "valid": {"accuracy": 0.9540034071550255, "fscore_class1": 0.8732394366197183}}
{"split": 5, "improved": false, "epoch": 14, "iteration": 35205, "train": {"accuracy": 0.9846612697060076, "fscore_class1": 0.961864406779661}, "valid": {"accuracy": 0.948892674616695, "fscore_class1": 0.861111111111111}}
{"split": 5, "improved": false, "epoch": 15, "iteration": 37552, "train": {"accuracy": 0.9846612697060076, "fscore_class1": 0.961864406779661}, "valid": {"accuracy": 0.9471890971039182, "fscore_class1": 0.858447488584475}}
{"split": 5, "improved": false, "epoch": 16, "iteration": 39899, "train": {"accuracy": 0.9846612697060076, "fscore_class1": 0.961864406779661}, "valid": {"accuracy": 0.9454855195911414, "fscore_class1": 0.8558558558558559}}
