{"split": 1, "improved": false, "epoch": 0, "iteration": 2347, "train": {"accuracy": 0.8005965061780997, "fscore_class1": 0.0}, "valid": {"accuracy": 0.768313458262351, "fscore_class1": 0.0}}
{"split": 1, "improved": false, "epoch": 1, "iteration": 4694, "train": {"accuracy": 0.8005965061780997, "fscore_class1": 0.0}, "valid": {"accuracy": 0.768313458262351, "fscore_class1": 0.0}}
{"split": 1, "improved": true, "epoch": 2, "iteration": 7041, "train": {"accuracy": 0.8031529612270984, "fscore_class1": 0.02531645569620253}, "valid": {"accuracy": 0.768313458262351, "fscore_class1": 0.014492753623188406}}
{"split": 1, "improved": true, "epoch": 3, "iteration": 9388, "train": {"accuracy": 0.809970174691095, "fscore_class1": 0.08979591836734693}, "valid": {"accuracy": 0.7734241908006815, "fscore_class1": 0.05673758865248227}}
{"split": 1, "improved": true, "epoch": 4, "iteration": 11735, "train": {"accuracy": 0.8351086493395824, "fscore_class1": 0.3027027027027027}, "valid": {"accuracy": 0.7819420783645656, "fscore_class1": 0.15789473684210525}}
{"split": 1, "improved": true, "epoch": 5, "iteration": 14082, "train": {"accuracy": 0.8832552194290584, "fscore_class1": 0.5898203592814372}, "valid": {"accuracy": 0.7938671209540034, "fscore_class1": 0.23899371069182387}}
{"split": 1, "improved": true, "epoch": 6, "iteration": 16429, "train": {"accuracy": 0.9373668512995313, "fscore_class1": 0.8169364881693648}, "valid": {"accuracy": 0.797274275979557, "fscore_class1": 0.3769633507853403}}
{"split": 1, "improved": true, "epoch": 7, "iteration": 18776, "train": {"accuracy": 0.9441840647635279, "fscore_class1": 0.838071693448702}, "valid": {"accuracy": 0.8126064735945485, "fscore_class1": 0.38202247191011235}}
{"split": 1, "improved": false, "epoch": 8, "iteration": 21123, "train": {"accuracy": 0.9433319130805283, "fscore_class1": 0.8351920693928129}, "valid": {"accuracy": 0.8091993185689949, "fscore_class1": 0.3488372093023256}}
{"split": 1, "improved": true, "epoch": 9, "iteration": 23470, "train": {"accuracy": 0.9663400085215168, "fscore_class1": 0.908246225319396}, "valid": {"accuracy": 0.8057921635434412, "fscore_class1": 0.40625}}
{"split": 1, "improved": false, "epoch": 10, "iteration": 25817, "train": {"accuracy": 0.9744354495100128, "fscore_class1": 0.9316628701594533}, "valid": {"accuracy": 0.8023850085178875, "fscore_class1": 0.38947368421052625}}
{"split": 1, "improved": false, "epoch": 11, "iteration": 28164, "train": {"accuracy": 0.9808265871325096, "fscore_class1": 0.9494949494949495}, "valid": {"accuracy": 0.8006814310051107, "fscore_class1": 0.38743455497382195}}
{"split": 1, "improved": true, "epoch": 12, "iteration": 30511, "train": {"accuracy": 0.9825308904985087, "fscore_class1": 0.9541899441340782}, "valid": {"accuracy": 0.8057921635434412, "fscore_class1": 0.43}}
{"split": 1, "improved": false, "epoch": 13, "iteration": 32858, "train": {"accuracy": 0.9782701320835109, "fscore_class1": 0.9423728813559323}, "valid": {"accuracy": 0.8040885860306644, "fscore_class1": 0.35754189944134074}}
{"split": 1, "improved": false, "epoch": 14, "iteration": 35205, "train": {"accuracy": 0.9838091180230081, "fscore_class1": 0.957683741648107}, "valid": {"accuracy": 0.8040885860306644, "fscore_class1": 0.42786069651741293}}
{"split": 1, "improved": false, "epoch": 15, "iteration": 37552, "train": {"accuracy": 0.9829569663400085, "fscore_class1": 0.9553571428571429}, "valid": {"accuracy": 0.8023850085178875, "fscore_class1": 0.3829787234042553}}
{"split": 1, "improved": true, "epoch": 16, "iteration": 39899, "train": {"accuracy": 0.9842351938645079, "fscore_class1": 0.9589345172031077}, "valid": {"accuracy": 0.8091993185689949, "fscore_class1": 0.4766355140186917}}
{"split": 1, "improved": false, "epoch": 17, "iteration": 42246, "train": {"accuracy": 0.9842351938645079, "fscore_class1": 0.9588431590656286}, "valid": {"accuracy": 0.8091993185689949, "fscore_class1": 0.4455445544554455}}
{"split": 1, "improved": true, "epoch": 18, "iteration": 44593, "train": {"accuracy": 0.9850873455475074, "fscore_class1": 0.9612403100775194}, "valid": {"accuracy": 0.8109028960817717, "fscore_class1": 0.49773755656108604}}
{"split": 1, "improved": true, "epoch": 19, "iteration": 46940, "train": {"accuracy": 0.9850873455475074, "fscore_class1": 0.9612403100775194}, "valid": {"accuracy": 0.8143100511073254, "fscore_class1": 0.5281385281385282}}
{"split": 1, "improved": true, "epoch": 20, "iteration": 49287, "train": {"accuracy": 0.9850873455475074, "fscore_class1": 0.9612403100775194}, "valid": {"accuracy": 0.807495741056218, "fscore_class1": 0.5349794238683128}}
{"split": 1, "improved": true, "epoch": 21, "iteration": 51634, "train": {"accuracy": 0.9752876011930124, "fscore_class1": 0.9377682403433477}, "valid": {"accuracy": 0.7768313458262351, "fscore_class1": 0.5618729096989966}}
{"split": 1, "improved": true, "epoch": 22, "iteration": 53981, "train": {"accuracy": 0.9586706433745207, "fscore_class1": 0.9001029866117404}, "valid": {"accuracy": 0.747870528109029, "fscore_class1": 0.5621301775147929}}
{"split": 1, "improved": true, "epoch": 23, "iteration": 56328, "train": {"accuracy": 0.9637835534725181, "fscore_class1": 0.9115504682622269}, "valid": {"accuracy": 0.7614991482112436, "fscore_class1": 0.5679012345679013}}
{"split": 1, "improved": false, "epoch": 24, "iteration": 58675, "train": {"accuracy": 0.9113762249680443, "fscore_class1": 0.8088235294117648}, "valid": {"accuracy": 0.6933560477001703, "fscore_class1": 0.5408163265306123}}
{"split": 1, "improved": false, "epoch": 25, "iteration": 61022, "train": {"accuracy": 0.956114188325522, "fscore_class1": 0.8947906026557712}, "valid": {"accuracy": 0.7529812606473595, "fscore_class1": 0.5565749235474006}}
{"split": 1, "improved": false, "epoch": 26, "iteration": 63369, "train": {"accuracy": 0.9450362164465275, "fscore_class1": 0.8713858424725822}, "valid": {"accuracy": 0.7342419080068143, "fscore_class1": 0.5542857142857143}}
{"split": 1, "improved": false, "epoch": 27, "iteration": 65716, "train": {"accuracy": 0.9778440562420111, "fscore_class1": 0.943355119825708}, "valid": {"accuracy": 0.7751277683134583, "fscore_class1": 0.5319148936170214}}
{"split": 1, "improved": false, "epoch": 28, "iteration": 68063, "train": {"accuracy": 0.9769919045590115, "fscore_class1": 0.9387755102040816}, "valid": {"accuracy": 0.8160136286201022, "fscore_class1": 0.44329896907216493}}
{"split": 1, "improved": false, "epoch": 29, "iteration": 70410, "train": {"accuracy": 0.8887942053685556, "fscore_class1": 0.6133333333333333}, "valid": {"accuracy": 0.7989778534923339, "fscore_class1": 0.23376623376623376}}
