{"improved": false, "epoch": 0, "iteration": 2347, "train": {"accuracy": 0.7916489135066042, "fscore_class1": 0.0}, "valid": {"accuracy": 0.8006814310051107, "fscore_class1": 0.0}}
{"improved": true, "epoch": 1, "iteration": 4694, "train": {"accuracy": 0.7937792927141031, "fscore_class1": 0.024193548387096774}, "valid": {"accuracy": 0.8040885860306644, "fscore_class1": 0.017094017094017096}}
{"improved": false, "epoch": 2, "iteration": 7041, "train": {"accuracy": 0.7920749893481039, "fscore_class1": 0.0}, "valid": {"accuracy": 0.8023850085178875, "fscore_class1": 0.0}}
{"improved": true, "epoch": 3, "iteration": 9388, "train": {"accuracy": 0.8138048572645931, "fscore_class1": 0.2126126126126126}, "valid": {"accuracy": 0.8126064735945485, "fscore_class1": 0.11290322580645162}}
{"improved": false, "epoch": 4, "iteration": 11735, "train": {"accuracy": 0.8082658713250959, "fscore_class1": 0.16044776119402984}, "valid": {"accuracy": 0.807495741056218, "fscore_class1": 0.050420168067226885}}
{"improved": true, "epoch": 5, "iteration": 14082, "train": {"accuracy": 0.818065615679591, "fscore_class1": 0.2469135802469136}, "valid": {"accuracy": 0.8143100511073254, "fscore_class1": 0.128}}
{"improved": true, "epoch": 6, "iteration": 16429, "train": {"accuracy": 0.8457605453770771, "fscore_class1": 0.448170731707317}, "valid": {"accuracy": 0.8194207836456558, "fscore_class1": 0.208955223880597}}
{"improved": false, "epoch": 7, "iteration": 18776, "train": {"accuracy": 0.8423519386450788, "fscore_class1": 0.4089456869009585}, "valid": {"accuracy": 0.8126064735945485, "fscore_class1": 0.15384615384615388}}
{"improved": true, "epoch": 8, "iteration": 21123, "train": {"accuracy": 0.8755858542820623, "fscore_class1": 0.5989010989010988}, "valid": {"accuracy": 0.8296422487223168, "fscore_class1": 0.32432432432432434}}
{"improved": false, "epoch": 9, "iteration": 23470, "train": {"accuracy": 0.8794205368555603, "fscore_class1": 0.6063977746870653}, "valid": {"accuracy": 0.82793867120954, "fscore_class1": 0.2937062937062937}}
{"improved": true, "epoch": 10, "iteration": 25817, "train": {"accuracy": 0.8985939497230507, "fscore_class1": 0.6892950391644909}, "valid": {"accuracy": 0.8330494037478705, "fscore_class1": 0.3717948717948718}}
{"improved": true, "epoch": 11, "iteration": 28164, "train": {"accuracy": 0.9122283766510438, "fscore_class1": 0.7412060301507538}, "valid": {"accuracy": 0.8415672913117547, "fscore_class1": 0.4294478527607362}}
{"improved": false, "epoch": 12, "iteration": 30511, "train": {"accuracy": 0.9250106518960375, "fscore_class1": 0.7848410757946211}, "valid": {"accuracy": 0.8398637137989778, "fscore_class1": 0.41975308641975306}}
{"improved": false, "epoch": 13, "iteration": 32858, "train": {"accuracy": 0.9373668512995313, "fscore_class1": 0.8260355029585799}, "valid": {"accuracy": 0.8415672913117547, "fscore_class1": 0.4294478527607362}}
{"improved": true, "epoch": 14, "iteration": 35205, "train": {"accuracy": 0.9497230507030251, "fscore_class1": 0.8656036446469249}, "valid": {"accuracy": 0.848381601362862, "fscore_class1": 0.5027932960893855}}
{"improved": false, "epoch": 15, "iteration": 37552, "train": {"accuracy": 0.945888368129527, "fscore_class1": 0.8514619883040937}, "valid": {"accuracy": 0.8364565587734242, "fscore_class1": 0.3846153846153847}}
{"improved": false, "epoch": 16, "iteration": 39899, "train": {"accuracy": 0.956114188325522, "fscore_class1": 0.8828213879408418}, "valid": {"accuracy": 0.8466780238500852, "fscore_class1": 0.45783132530120474}}
{"improved": true, "epoch": 17, "iteration": 42246, "train": {"accuracy": 0.965913932680017, "fscore_class1": 0.912280701754386}, "valid": {"accuracy": 0.8398637137989778, "fscore_class1": 0.5204081632653061}}
{"improved": false, "epoch": 18, "iteration": 44593, "train": {"accuracy": 0.9616531742650192, "fscore_class1": 0.899103139013453}, "valid": {"accuracy": 0.8466780238500852, "fscore_class1": 0.451219512195122}}
{"improved": false, "epoch": 19, "iteration": 46940, "train": {"accuracy": 0.9706007669365146, "fscore_class1": 0.9244249726177436}, "valid": {"accuracy": 0.8364565587734242, "fscore_class1": 0.47252747252747257}}
{"improved": false, "epoch": 20, "iteration": 49287, "train": {"accuracy": 0.9731572219855135, "fscore_class1": 0.9314472252448313}, "valid": {"accuracy": 0.8398637137989778, "fscore_class1": 0.47777777777777786}}
{"improved": false, "epoch": 21, "iteration": 51634, "train": {"accuracy": 0.9744354495100128, "fscore_class1": 0.9347826086956522}, "valid": {"accuracy": 0.8432708688245315, "fscore_class1": 0.46511627906976755}}
{"improved": false, "epoch": 22, "iteration": 53981, "train": {"accuracy": 0.9769919045590115, "fscore_class1": 0.9416846652267818}, "valid": {"accuracy": 0.8415672913117547, "fscore_class1": 0.48618784530386744}}
{"improved": false, "epoch": 23, "iteration": 56328, "train": {"accuracy": 0.9778440562420111, "fscore_class1": 0.9438444924406048}, "valid": {"accuracy": 0.838160136286201, "fscore_class1": 0.4864864864864865}}
{"improved": false, "epoch": 24, "iteration": 58675, "train": {"accuracy": 0.9786962079250107, "fscore_class1": 0.9461206896551724}, "valid": {"accuracy": 0.8415672913117547, "fscore_class1": 0.48618784530386744}}
{"improved": false, "epoch": 25, "iteration": 61022, "train": {"accuracy": 0.9804005112910098, "fscore_class1": 0.9505376344086022}, "valid": {"accuracy": 0.8415672913117547, "fscore_class1": 0.48044692737430167}}
{"improved": false, "epoch": 26, "iteration": 63369, "train": {"accuracy": 0.9812526629740094, "fscore_class1": 0.9528907922912206}, "valid": {"accuracy": 0.8296422487223168, "fscore_class1": 0.47368421052631576}}
{"improved": false, "epoch": 27, "iteration": 65716, "train": {"accuracy": 0.9812526629740094, "fscore_class1": 0.9527896995708155}, "valid": {"accuracy": 0.8364565587734242, "fscore_class1": 0.46666666666666673}}
{"improved": false, "epoch": 28, "iteration": 68063, "train": {"accuracy": 0.9816787388155092, "fscore_class1": 0.9539121114683815}, "valid": {"accuracy": 0.8313458262350937, "fscore_class1": 0.47619047619047616}}
{"improved": false, "epoch": 29, "iteration": 70410, "train": {"accuracy": 0.9821048146570089, "fscore_class1": 0.9550321199143469}, "valid": {"accuracy": 0.838160136286201, "fscore_class1": 0.463276836158192}}
{"improved": false, "epoch": 30, "iteration": 72757, "train": {"accuracy": 0.9821048146570089, "fscore_class1": 0.9550321199143469}, "valid": {"accuracy": 0.82793867120954, "fscore_class1": 0.4766839378238342}}
{"improved": false, "epoch": 31, "iteration": 75104, "train": {"accuracy": 0.9816787388155092, "fscore_class1": 0.9539121114683815}, "valid": {"accuracy": 0.838160136286201, "fscore_class1": 0.4692737430167597}}
{"improved": false, "epoch": 32, "iteration": 77451, "train": {"accuracy": 0.9825308904985087, "fscore_class1": 0.956149732620321}, "valid": {"accuracy": 0.8296422487223168, "fscore_class1": 0.4845360824742268}}
{"improved": false, "epoch": 33, "iteration": 79798, "train": {"accuracy": 0.9825308904985087, "fscore_class1": 0.956149732620321}, "valid": {"accuracy": 0.8364565587734242, "fscore_class1": 0.4545454545454545}}
{"improved": false, "epoch": 34, "iteration": 82145, "train": {"accuracy": 0.9838091180230081, "fscore_class1": 0.9594882729211087}, "valid": {"accuracy": 0.82793867120954, "fscore_class1": 0.4820512820512821}}
{"improved": false, "epoch": 35, "iteration": 84492, "train": {"accuracy": 0.9829569663400085, "fscore_class1": 0.9572649572649572}, "valid": {"accuracy": 0.8398637137989778, "fscore_class1": 0.47191011235955055}}
{"improved": false, "epoch": 36, "iteration": 86839, "train": {"accuracy": 0.9842351938645079, "fscore_class1": 0.9605963791267306}, "valid": {"accuracy": 0.8262350936967632, "fscore_class1": 0.49000000000000005}}
{"improved": false, "epoch": 37, "iteration": 89186, "train": {"accuracy": 0.9829569663400085, "fscore_class1": 0.9572649572649572}, "valid": {"accuracy": 0.8398637137989778,