{"selection_metric": 0.5204081632653061, "epoch": 17, "valid": {"accuracy": 0.8398637137989778, "fscore_class1": 0.5204081632653061}, "train": {"accuracy": 0.965913932680017, "fscore_class1": 0.912280701754386}, "iteration": 42246}