{"split": 10, "improved": true, "epoch": 0, "iteration": 2347, "train": {"accuracy": 0.9595227950575203, "fscore_class1": 0.8911798396334478}, "valid": {"accuracy": 0.9625212947189097, "fscore_class1": 0.900900900900901}}
{"split": 10, "improved": true, "epoch": 1, "iteration": 4694, "train": {"accuracy": 0.9727311461440137, "fscore_class1": 0.9308855291576673}, "valid": {"accuracy": 0.9744463373083475, "fscore_class1": 0.935064935064935}}
{"split": 10, "improved": true, "epoch": 2, "iteration": 7041, "train": {"accuracy": 0.9774179804005113, "fscore_class1": 0.9430719656283566}, "valid": {"accuracy": 0.9812606473594548, "fscore_class1": 0.9531914893617021}}
{"split": 10, "improved": false, "epoch": 3, "iteration": 9388, "train": {"accuracy": 0.9804005112910098, "fscore_class1": 0.9504310344827586}, "valid": {"accuracy": 0.979557069846678, "fscore_class1": 0.9487179487179487}}
{"split": 10, "improved": false, "epoch": 4, "iteration": 11735, "train": {"accuracy": 0.9821048146570089, "fscore_class1": 0.9545454545454545}, "valid": {"accuracy": 0.979557069846678, "fscore_class1": 0.9487179487179487}}
{"split": 10, "improved": false, "epoch": 5, "iteration": 14082, "train": {"accuracy": 0.9821048146570089, "fscore_class1": 0.9545454545454545}, "valid": {"accuracy": 0.9778534923339012, "fscore_class1": 0.944206008583691}}
{"split": 10, "improved": false, "epoch": 6, "iteration": 16429, "train": {"accuracy": 0.9816787388155092, "fscore_class1": 0.9534127843986999}, "valid": {"accuracy": 0.9778534923339012, "fscore_class1": 0.9437229437229437}}
{"split": 10, "improved": false, "epoch": 7, "iteration": 18776, "train": {"accuracy": 0.9829569663400085, "fscore_class1": 0.9568034557235421}, "valid": {"accuracy": 0.979557069846678, "fscore_class1": 0.9487179487179487}}
{"split": 10, "improved": false, "epoch": 8, "iteration": 21123, "train": {"accuracy": 0.9829569663400085, "fscore_class1": 0.9568034557235421}, "valid": {"accuracy": 0.979557069846678, "fscore_class1": 0.9487179487179487}}
