{"improved": false, "epoch": 0, "iteration": 2347, "train": {"accuracy": 0.7895185342991052, "fscore_class1": 0.0}, "valid": {"accuracy": 0.8126064735945485, "fscore_class1": 0.0}}
{"improved": true, "epoch": 1, "iteration": 4694, "train": {"accuracy": 0.8304218150830848, "fscore_class1": 0.3254237288135593}, "valid": {"accuracy": 0.8398637137989778, "fscore_class1": 0.25396825396825395}}
{"improved": false, "epoch": 2, "iteration": 7041, "train": {"accuracy": 0.8031529612270984, "fscore_class1": 0.12167300380228138}, "valid": {"accuracy": 0.8228279386712095, "fscore_class1": 0.10344827586206896}}
{"improved": true, "epoch": 3, "iteration": 9388, "train": {"accuracy": 0.9211759693225394, "fscore_class1": 0.781582054309327}, "valid": {"accuracy": 0.9114139693356048, "fscore_class1": 0.7078651685393258}}
{"improved": false, "epoch": 4, "iteration": 11735, "train": {"accuracy": 0.9002982530890499, "fscore_class1": 0.6953125000000001}, "valid": {"accuracy": 0.889267461669506, "fscore_class1": 0.5859872611464968}}
{"improved": true, "epoch": 5, "iteration": 14082, "train": {"accuracy": 0.9424797613975288, "fscore_class1": 0.8464163822525597}, "valid": {"accuracy": 0.9250425894378195, "fscore_class1": 0.7608695652173914}}
{"improved": true, "epoch": 6, "iteration": 16429, "train": {"accuracy": 0.9484448231785257, "fscore_class1": 0.8638920134983127}, "valid": {"accuracy": 0.9369676320272572, "fscore_class1": 0.802139037433155}}
{"improved": true, "epoch": 7, "iteration": 18776, "train": {"accuracy": 0.9552620366425224, "fscore_class1": 0.8832035595105674}, "valid": {"accuracy": 0.9403747870528109, "fscore_class1": 0.8148148148148148}}
{"improved": true, "epoch": 8, "iteration": 21123, "train": {"accuracy": 0.9590967192160205, "fscore_class1": 0.8947368421052632}, "valid": {"accuracy": 0.948892674616695, "fscore_class1": 0.8469387755102041}}
{"improved": false, "epoch": 9, "iteration": 23470, "train": {"accuracy": 0.965913932680017, "fscore_class1": 0.913232104121475}, "valid": {"accuracy": 0.9454855195911414, "fscore_class1": 0.8350515463917525}}
{"improved": false, "epoch": 10, "iteration": 25817, "train": {"accuracy": 0.9688964635705155, "fscore_class1": 0.9209100758396533}, "valid": {"accuracy": 0.9471890971039182, "fscore_class1": 0.8442211055276381}}
{"improved": true, "epoch": 11, "iteration": 28164, "train": {"accuracy": 0.9710268427780144, "fscore_class1": 0.9267241379310346}, "valid": {"accuracy": 0.948892674616695, "fscore_class1": 0.85}}
{"improved": false, "epoch": 12, "iteration": 30511, "train": {"accuracy": 0.9731572219855135, "fscore_class1": 0.932330827067669}, "valid": {"accuracy": 0.948892674616695, "fscore_class1": 0.85}}
{"improved": false, "epoch": 13, "iteration": 32858, "train": {"accuracy": 0.9748615253515126, "fscore_class1": 0.9368983957219251}, "valid": {"accuracy": 0.9471890971039182, "fscore_class1": 0.8472906403940887}}
{"improved": false, "epoch": 14, "iteration": 35205, "train": {"accuracy": 0.9757136770345122, "fscore_class1": 0.9390374331550801}, "valid": {"accuracy": 0.9471890971039182, "fscore_class1": 0.8442211055276381}}
{"improved": false, "epoch": 15, "iteration": 37552, "train": {"accuracy": 0.9769919045590115, "fscore_class1": 0.9425531914893617}, "valid": {"accuracy": 0.9471890971039182, "fscore_class1": 0.8472906403940887}}
{"improved": false, "epoch": 16, "iteration": 39899, "train": {"accuracy": 0.9778440562420111, "fscore_class1": 0.9446808510638298}, "valid": {"accuracy": 0.9437819420783645, "fscore_class1": 0.8358208955223881}}
{"improved": false, "epoch": 17, "iteration": 42246, "train": {"accuracy": 0.9782701320835109, "fscore_class1": 0.9456869009584666}, "valid": {"accuracy": 0.9437819420783645, "fscore_class1": 0.8374384236453202}}
